block_id,drug_row,drug_col,conc_r,conc_c,response,conc_r_unit,conc_c_unit
1,Dasatinib,Acetalax,0.001953125,0,90.99435959,uM,uM
1,Dasatinib,Acetalax,0.00390625,0,87.52561421,uM,uM
1,Dasatinib,Acetalax,0.0078125,0,78.09535881,uM,uM
1,Dasatinib,Acetalax,0.015625,0,75.53921879,uM,uM
1,Dasatinib,Acetalax,0.03125,0,66.05403807,uM,uM
1,Dasatinib,Acetalax,0.0625,0,53.61556499,uM,uM
1,Dasatinib,Acetalax,0.125,0,35.23248199,uM,uM
1,Dasatinib,Acetalax,0.25,0,29.90050067,uM,uM
1,Dasatinib,Acetalax,0,0.78125,78.94781938,uM,uM
1,Dasatinib,Acetalax,0,1.5625,74.8050724,uM,uM
1,Dasatinib,Acetalax,0,3.125,69.45848685,uM,uM
1,Dasatinib,Acetalax,0,6.25,62.23973953,uM,uM
1,Dasatinib,Acetalax,0,12.5,65.61134436,uM,uM
1,Dasatinib,Acetalax,0,25,59.27512638,uM,uM
1,Dasatinib,Acetalax,0,50,49.41307514,uM,uM
1,Dasatinib,Acetalax,0,100,38.72418816,uM,uM
1,Dasatinib,Acetalax,0.001953125,0.78125,66.43745837,uM,uM
1,Dasatinib,Acetalax,0.00390625,1.5625,59.3635172,uM,uM
1,Dasatinib,Acetalax,0.0078125,3.125,56.2348239,uM,uM
1,Dasatinib,Acetalax,0.015625,6.25,50.18372478,uM,uM
1,Dasatinib,Acetalax,0.03125,12.5,42.63274384,uM,uM
1,Dasatinib,Acetalax,0.0625,25,34.76373638,uM,uM
1,Dasatinib,Acetalax,0.125,50,29.06504502,uM,uM
1,Dasatinib,Acetalax,0.25,100,31.29123063,uM,uM
1,Dasatinib,Acetalax,0.001953125,0,89.67704424,uM,uM
1,Dasatinib,Acetalax,0.00390625,0,84.41778107,uM,uM
1,Dasatinib,Acetalax,0.0078125,0,75.71224695,uM,uM
1,Dasatinib,Acetalax,0.015625,0,77.06009831,uM,uM
1,Dasatinib,Acetalax,0.03125,0,64.61758021,uM,uM
1,Dasatinib,Acetalax,0.0625,0,54.56948042,uM,uM
1,Dasatinib,Acetalax,0.125,0,44.07738253,uM,uM
1,Dasatinib,Acetalax,0.25,0,38.07812252,uM,uM
1,Dasatinib,Acetalax,0,0.78125,55.69620253,uM,uM
1,Dasatinib,Acetalax,0,1.5625,61.78048653,uM,uM
1,Dasatinib,Acetalax,0,3.125,55.77954889,uM,uM
1,Dasatinib,Acetalax,0,6.25,54.11262176,uM,uM
1,Dasatinib,Acetalax,0,12.5,52.83117154,uM,uM
1,Dasatinib,Acetalax,0,25,51.75287805,uM,uM
1,Dasatinib,Acetalax,0,50,48.1533573,uM,uM
1,Dasatinib,Acetalax,0,100,43.62139918,uM,uM
1,Dasatinib,Acetalax,0.001953125,0.78125,52.10279141,uM,uM
1,Dasatinib,Acetalax,0.00390625,1.5625,50.51976149,uM,uM
1,Dasatinib,Acetalax,0.0078125,3.125,45.84982323,uM,uM
1,Dasatinib,Acetalax,0.015625,6.25,44.56229223,uM,uM
1,Dasatinib,Acetalax,0.03125,12.5,42.83678962,uM,uM
1,Dasatinib,Acetalax,0.0625,25,39.60740858,uM,uM
1,Dasatinib,Acetalax,0.125,50,33.74492111,uM,uM
1,Dasatinib,Acetalax,0.25,100,37.05873041,uM,uM
1,Dasatinib,Acetalax,0.001953125,0,82.06749019,uM,uM
1,Dasatinib,Acetalax,0.00390625,0,77.99732999,uM,uM
1,Dasatinib,Acetalax,0.0078125,0,70.54381394,uM,uM
1,Dasatinib,Acetalax,0.015625,0,68.5622145,uM,uM
1,Dasatinib,Acetalax,0.03125,0,61.66602329,uM,uM
1,Dasatinib,Acetalax,0.0625,0,51.39773531,uM,uM
1,Dasatinib,Acetalax,0.125,0,41.14070643,uM,uM
1,Dasatinib,Acetalax,0.25,0,39.28295696,uM,uM
1,Dasatinib,Acetalax,0,0.78125,64.07682235,uM,uM
1,Dasatinib,Acetalax,0,1.5625,57.87865561,uM,uM
1,Dasatinib,Acetalax,0,3.125,54.21795431,uM,uM
1,Dasatinib,Acetalax,0,6.25,53.36243271,uM,uM
1,Dasatinib,Acetalax,0,12.5,50.59799214,uM,uM
1,Dasatinib,Acetalax,0,25,49.59697367,uM,uM
1,Dasatinib,Acetalax,0,50,43.27658955,uM,uM
1,Dasatinib,Acetalax,0,100,43.3347883,uM,uM
1,Dasatinib,Acetalax,0.001953125,0.78125,59.04118596,uM,uM
1,Dasatinib,Acetalax,0.00390625,1.5625,52.9738777,uM,uM
1,Dasatinib,Acetalax,0.0078125,3.125,47.94070178,uM,uM
1,Dasatinib,Acetalax,0.015625,6.25,46.94243529,uM,uM
1,Dasatinib,Acetalax,0.03125,12.5,42.93143643,uM,uM
1,Dasatinib,Acetalax,0.0625,25,40.43875904,uM,uM
1,Dasatinib,Acetalax,0.125,50,37.16301034,uM,uM
1,Dasatinib,Acetalax,0.25,100,40.16976508,uM,uM
2,Dasatinib,Axitinib,0.001953125,0,89.08321984,uM,uM
2,Dasatinib,Axitinib,0.00390625,0,88.22306645,uM,uM
2,Dasatinib,Axitinib,0.0078125,0,90.9898932,uM,uM
2,Dasatinib,Axitinib,0.015625,0,80.14479249,uM,uM
2,Dasatinib,Axitinib,0.03125,0,66.30349079,uM,uM
2,Dasatinib,Axitinib,0.0625,0,56.58375744,uM,uM
2,Dasatinib,Axitinib,0.125,0,48.31911691,uM,uM
2,Dasatinib,Axitinib,0.25,0,44.54877787,uM,uM
2,Dasatinib,Axitinib,0,0.01953125,110.7649032,uM,uM
2,Dasatinib,Axitinib,0,0.0390625,106.9109356,uM,uM
2,Dasatinib,Axitinib,0,0.078125,109.6397274,uM,uM
2,Dasatinib,Axitinib,0,0.15625,105.1534495,uM,uM
2,Dasatinib,Axitinib,0,0.3125,92.52407227,uM,uM
2,Dasatinib,Axitinib,0,0.625,92.40145696,uM,uM
2,Dasatinib,Axitinib,0,1.25,75.76183779,uM,uM
2,Dasatinib,Axitinib,0,2.5,66.55126402,uM,uM
2,Dasatinib,Axitinib,0.001953125,0.01953125,103.9461767,uM,uM
2,Dasatinib,Axitinib,0.00390625,0.0390625,89.47470565,uM,uM
2,Dasatinib,Axitinib,0.0078125,0.078125,74.26575236,uM,uM
2,Dasatinib,Axitinib,0.015625,0.15625,74.37572778,uM,uM
2,Dasatinib,Axitinib,0.03125,0.3125,63.51403804,uM,uM
2,Dasatinib,Axitinib,0.0625,0.625,53.66153448,uM,uM
2,Dasatinib,Axitinib,0.125,1.25,46.06676155,uM,uM
2,Dasatinib,Axitinib,0.25,2.5,44.06779661,uM,uM
2,Dasatinib,Axitinib,0.001953125,0,89.24588187,uM,uM
2,Dasatinib,Axitinib,0.00390625,0,80.71351313,uM,uM
2,Dasatinib,Axitinib,0.0078125,0,70.98249907,uM,uM
2,Dasatinib,Axitinib,0.015625,0,66.58155576,uM,uM
2,Dasatinib,Axitinib,0.03125,0,56.74415306,uM,uM
2,Dasatinib,Axitinib,0.0625,0,42.431335,uM,uM
2,Dasatinib,Axitinib,0.125,0,33.89896626,uM,uM
2,Dasatinib,Axitinib,0.25,0,32.88118162,uM,uM
2,Dasatinib,Axitinib,0,0.01953125,104.8476015,uM,uM
2,Dasatinib,Axitinib,0,0.0390625,114.950928,uM,uM
2,Dasatinib,Axitinib,0,0.078125,113.124089,uM,uM
2,Dasatinib,Axitinib,0,0.15625,112.9219707,uM,uM
2,Dasatinib,Axitinib,0,0.3125,113.2756778,uM,uM
2,Dasatinib,Axitinib,0,0.625,106.2442911,uM,uM
2,Dasatinib,Axitinib,0,1.25,75.65963787,uM,uM
2,Dasatinib,Axitinib,0,2.5,56.04120105,uM,uM
2,Dasatinib,Axitinib,0.001953125,0.01953125,78.57876222,uM,uM
2,Dasatinib,Axitinib,0.00390625,0.0390625,74.73111945,uM,uM
2,Dasatinib,Axitinib,0.0078125,0.078125,68.71560096,uM,uM
2,Dasatinib,Axitinib,0.015625,0.15625,60.80150809,uM,uM
2,Dasatinib,Axitinib,0.03125,0.3125,52.33534748,uM,uM
2,Dasatinib,Axitinib,0.0625,0.625,42.66069715,uM,uM
2,Dasatinib,Axitinib,0.125,1.25,32.80763469,uM,uM
2,Dasatinib,Axitinib,0.25,2.5,32.24883443,uM,uM
2,Dasatinib,Axitinib,0.001953125,0,80.57817733,uM,uM
2,Dasatinib,Axitinib,0.00390625,0,68.79957694,uM,uM
2,Dasatinib,Axitinib,0.0078125,0,68.47170809,uM,uM
2,Dasatinib,Axitinib,0.015625,0,63.03543099,uM,uM
2,Dasatinib,Axitinib,0.03125,0,54.85986251,uM,uM
2,Dasatinib,Axitinib,0.0625,0,45.2388507,uM,uM
2,Dasatinib,Axitinib,0.125,0,34.19707386,uM,uM
2,Dasatinib,Axitinib,0.25,0,30.94306363,uM,uM
2,Dasatinib,Axitinib,0,0.01953125,105.6990828,uM,uM
2,Dasatinib,Axitinib,0,0.0390625,113.4845621,uM,uM
2,Dasatinib,Axitinib,0,0.078125,102.686177,uM,uM
2,Dasatinib,Axitinib,0,0.15625,109.8648743,uM,uM
2,Dasatinib,Axitinib,0,0.3125,103.4551565,uM,uM
2,Dasatinib,Axitinib,0,0.625,89.0884268,uM,uM
2,Dasatinib,Axitinib,0,1.25,63.03647693,uM,uM
2,Dasatinib,Axitinib,0,2.5,49.84597073,uM,uM
2,Dasatinib,Axitinib,0.001953125,0.01953125,88.64140091,uM,uM
2,Dasatinib,Axitinib,0.00390625,0.0390625,87.74384994,uM,uM
2,Dasatinib,Axitinib,0.0078125,0.078125,78.37634862,uM,uM
2,Dasatinib,Axitinib,0.015625,0.15625,68.60586522,uM,uM
2,Dasatinib,Axitinib,0.03125,0.3125,59.83551005,uM,uM
2,Dasatinib,Axitinib,0.0625,0.625,47.12692103,uM,uM
2,Dasatinib,Axitinib,0.125,1.25,35.29023868,uM,uM
2,Dasatinib,Axitinib,0.25,2.5,32.44005642,uM,uM
3,Dasatinib,AZD3759,0.001953125,0,82.52490946,uM,uM
3,Dasatinib,AZD3759,0.00390625,0,79.88291145,uM,uM
3,Dasatinib,AZD3759,0.0078125,0,76.18636594,uM,uM
3,Dasatinib,AZD3759,0.015625,0,64.2298238,uM,uM
3,Dasatinib,AZD3759,0.03125,0,57.02062185,uM,uM
3,Dasatinib,AZD3759,0.0625,0,40.94346349,uM,uM
3,Dasatinib,AZD3759,0.125,0,30.38672996,uM,uM
3,Dasatinib,AZD3759,0.25,0,27.06546826,uM,uM
3,Dasatinib,AZD3759,0,0.15625,100.3939016,uM,uM
3,Dasatinib,AZD3759,0,0.3125,93.41929268,uM,uM
3,Dasatinib,AZD3759,0,0.625,84.66334165,uM,uM
3,Dasatinib,AZD3759,0,1.25,73.31274088,uM,uM
3,Dasatinib,AZD3759,0,2.5,63.4221265,uM,uM
3,Dasatinib,AZD3759,0,5,54.34481977,uM,uM
3,Dasatinib,AZD3759,0,10,50.51764528,uM,uM
3,Dasatinib,AZD3759,0,20,47.23135343,uM,uM
3,Dasatinib,AZD3759,0.001953125,0.15625,77.48890066,uM,uM
3,Dasatinib,AZD3759,0.00390625,0.3125,67.88591892,uM,uM
3,Dasatinib,AZD3759,0.0078125,0.625,58.00766144,uM,uM
3,Dasatinib,AZD3759,0.015625,1.25,53.40836424,uM,uM
3,Dasatinib,AZD3759,0.03125,2.5,42.27796759,uM,uM
3,Dasatinib,AZD3759,0.0625,5,41.15615808,uM,uM
3,Dasatinib,AZD3759,0.125,10,42.10987887,uM,uM
3,Dasatinib,AZD3759,0.25,20,45.97591946,uM,uM
3,Dasatinib,AZD3759,0.001953125,0,80.57817733,uM,uM
3,Dasatinib,AZD3759,0.00390625,0,68.79957694,uM,uM
3,Dasatinib,AZD3759,0.0078125,0,68.47170809,uM,uM
3,Dasatinib,AZD3759,0.015625,0,63.03543099,uM,uM
3,Dasatinib,AZD3759,0.03125,0,54.85986251,uM,uM
3,Dasatinib,AZD3759,0.0625,0,45.2388507,uM,uM
3,Dasatinib,AZD3759,0.125,0,34.19707386,uM,uM
3,Dasatinib,AZD3759,0.25,0,30.94306363,uM,uM
3,Dasatinib,AZD3759,0,0.15625,99.70054346,uM,uM
3,Dasatinib,AZD3759,0,0.3125,93.78165551,uM,uM
3,Dasatinib,AZD3759,0,0.625,83.79607379,uM,uM
3,Dasatinib,AZD3759,0,1.25,71.21150505,uM,uM
3,Dasatinib,AZD3759,0,2.5,61.78047248,uM,uM
3,Dasatinib,AZD3759,0,5,53.21453658,uM,uM
3,Dasatinib,AZD3759,0,10,51.46585826,uM,uM
3,Dasatinib,AZD3759,0,20,50.30869903,uM,uM
3,Dasatinib,AZD3759,0.001953125,0.15625,82.42862331,uM,uM
3,Dasatinib,AZD3759,0.00390625,0.3125,72.47479551,uM,uM
3,Dasatinib,AZD3759,0.0078125,0.625,62.27194909,uM,uM
3,Dasatinib,AZD3759,0.015625,1.25,52.93375067,uM,uM
3,Dasatinib,AZD3759,0.03125,2.5,46.06844554,uM,uM
3,Dasatinib,AZD3759,0.0625,5,43.37074377,uM,uM
3,Dasatinib,AZD3759,0.125,10,45.07237104,uM,uM
3,Dasatinib,AZD3759,0.25,20,51.2770851,uM,uM
3,Dasatinib,AZD3759,0.001953125,0,81.09732265,uM,uM
3,Dasatinib,AZD3759,0.00390625,0,77.07641196,uM,uM
3,Dasatinib,AZD3759,0.0078125,0,72.86007426,uM,uM
3,Dasatinib,AZD3759,0.015625,0,67.46140317,uM,uM
3,Dasatinib,AZD3759,0.03125,0,60.94391245,uM,uM
3,Dasatinib,AZD3759,0.0625,0,48.97400821,uM,uM
3,Dasatinib,AZD3759,0.125,0,39.90130936,uM,uM
3,Dasatinib,AZD3759,0.25,0,37.53664256,uM,uM
3,Dasatinib,AZD3759,0,0.15625,88.58747174,uM,uM
3,Dasatinib,AZD3759,0,0.3125,81.78613967,uM,uM
3,Dasatinib,AZD3759,0,0.625,71.55254138,uM,uM
3,Dasatinib,AZD3759,0,1.25,65.9714626,uM,uM
3,Dasatinib,AZD3759,0,2.5,57.7797224,uM,uM
3,Dasatinib,AZD3759,0,5,55.68924864,uM,uM
3,Dasatinib,AZD3759,0,10,51.07076011,uM,uM
3,Dasatinib,AZD3759,0,20,53.8904689,uM,uM
3,Dasatinib,AZD3759,0.001953125,0.15625,78.47458463,uM,uM
3,Dasatinib,AZD3759,0.00390625,0.3125,71.04471725,uM,uM
3,Dasatinib,AZD3759,0.0078125,0.625,64.74880442,uM,uM
3,Dasatinib,AZD3759,0.015625,1.25,58.25075186,uM,uM
3,Dasatinib,AZD3759,0.03125,2.5,49.68692994,uM,uM
3,Dasatinib,AZD3759,0.0625,5,46.79781097,uM,uM
3,Dasatinib,AZD3759,0.125,10,51.03781492,uM,uM
3,Dasatinib,AZD3759,0.25,20,54.89326037,uM,uM
4,Dasatinib,AZD8055,0.001953125,0,97.85256179,uM,uM
4,Dasatinib,AZD8055,0.00390625,0,98.71730201,uM,uM
4,Dasatinib,AZD8055,0.0078125,0,69.97910211,uM,uM
4,Dasatinib,AZD8055,0.015625,0,64.3799092,uM,uM
4,Dasatinib,AZD8055,0.03125,0,56.37385602,uM,uM
4,Dasatinib,AZD8055,0.0625,0,47.34452692,uM,uM
4,Dasatinib,AZD8055,0.125,0,40.85897528,uM,uM
4,Dasatinib,AZD8055,0.25,0,43.04484639,uM,uM
4,Dasatinib,AZD8055,0,0.00390625,80.22629802,uM,uM
4,Dasatinib,AZD8055,0,0.0078125,86.0723302,uM,uM
4,Dasatinib,AZD8055,0,0.015625,62.25628859,uM,uM
4,Dasatinib,AZD8055,0,0.03125,58.45423853,uM,uM
4,Dasatinib,AZD8055,0,0.0625,56.61708793,uM,uM
4,Dasatinib,AZD8055,0,0.125,56.41633969,uM,uM
4,Dasatinib,AZD8055,0,0.25,52.85762083,uM,uM
4,Dasatinib,AZD8055,0,0.5,50.12014478,uM,uM
4,Dasatinib,AZD8055,0.001953125,0.00390625,75.53996463,uM,uM
4,Dasatinib,AZD8055,0.00390625,0.0078125,68.73665188,uM,uM
4,Dasatinib,AZD8055,0.0078125,0.015625,54.68162622,uM,uM
4,Dasatinib,AZD8055,0.015625,0.03125,53.75390176,uM,uM
4,Dasatinib,AZD8055,0.03125,0.0625,50.56098339,uM,uM
4,Dasatinib,AZD8055,0.0625,0.125,46.77277515,uM,uM
4,Dasatinib,AZD8055,0.125,0.25,41.54659399,uM,uM
4,Dasatinib,AZD8055,0.25,0.5,42.12642179,uM,uM
4,Dasatinib,AZD8055,0.001953125,0,89.08321984,uM,uM
4,Dasatinib,AZD8055,0.00390625,0,88.22306645,uM,uM
4,Dasatinib,AZD8055,0.0078125,0,90.9898932,uM,uM
4,Dasatinib,AZD8055,0.015625,0,80.14479249,uM,uM
4,Dasatinib,AZD8055,0.03125,0,66.30349079,uM,uM
4,Dasatinib,AZD8055,0.0625,0,56.58375744,uM,uM
4,Dasatinib,AZD8055,0.125,0,48.31911691,uM,uM
4,Dasatinib,AZD8055,0.25,0,44.54877787,uM,uM
4,Dasatinib,AZD8055,0,0.00390625,90.35947158,uM,uM
4,Dasatinib,AZD8055,0,0.0078125,77.50618707,uM,uM
4,Dasatinib,AZD8055,0,0.015625,68.04759806,uM,uM
4,Dasatinib,AZD8055,0,0.03125,64.64386209,uM,uM
4,Dasatinib,AZD8055,0,0.0625,51.42895888,uM,uM
4,Dasatinib,AZD8055,0,0.125,53.94446893,uM,uM
4,Dasatinib,AZD8055,0,0.25,56.20910601,uM,uM
4,Dasatinib,AZD8055,0,0.5,51.84934061,uM,uM
4,Dasatinib,AZD8055,0.001953125,0.00390625,78.01009839,uM,uM
4,Dasatinib,AZD8055,0.00390625,0.0078125,66.40989125,uM,uM
4,Dasatinib,AZD8055,0.0078125,0.015625,59.65173485,uM,uM
4,Dasatinib,AZD8055,0.015625,0.03125,52.02615225,uM,uM
4,Dasatinib,AZD8055,0.03125,0.0625,50.66675298,uM,uM
4,Dasatinib,AZD8055,0.0625,0.125,47.3783014,uM,uM
4,Dasatinib,AZD8055,0.125,0.25,44.27110306,uM,uM
4,Dasatinib,AZD8055,0.25,0.5,48.10978767,uM,uM
4,Dasatinib,AZD8055,0.001953125,0,89.24588187,uM,uM
4,Dasatinib,AZD8055,0.00390625,0,80.71351313,uM,uM
4,Dasatinib,AZD8055,0.0078125,0,70.98249907,uM,uM
4,Dasatinib,AZD8055,0.015625,0,66.58155576,uM,uM
4,Dasatinib,AZD8055,0.03125,0,56.74415306,uM,uM
4,Dasatinib,AZD8055,0.0625,0,42.431335,uM,uM
4,Dasatinib,AZD8055,0.125,0,33.89896626,uM,uM
4,Dasatinib,AZD8055,0.25,0,32.88118162,uM,uM
4,Dasatinib,AZD8055,0,0.00390625,75.05249661,uM,uM
4,Dasatinib,AZD8055,0,0.0078125,69.48135209,uM,uM
4,Dasatinib,AZD8055,0,0.015625,67.57846617,uM,uM
4,Dasatinib,AZD8055,0,0.03125,59.05636185,uM,uM
4,Dasatinib,AZD8055,0,0.0625,57.27983944,uM,uM
4,Dasatinib,AZD8055,0,0.125,52.83110029,uM,uM
4,Dasatinib,AZD8055,0,0.25,50.89848178,uM,uM
4,Dasatinib,AZD8055,0,0.5,47.81744188,uM,uM
4,Dasatinib,AZD8055,0.001953125,0.00390625,64.22480959,uM,uM
4,Dasatinib,AZD8055,0.00390625,0.0078125,56.99378447,uM,uM
4,Dasatinib,AZD8055,0.0078125,0.015625,51.20546266,uM,uM
4,Dasatinib,AZD8055,0.015625,0.03125,44.94791211,uM,uM
4,Dasatinib,AZD8055,0.03125,0.0625,38.95649129,uM,uM
4,Dasatinib,AZD8055,0.0625,0.125,34.22918673,uM,uM
4,Dasatinib,AZD8055,0.125,0.25,30.04814847,uM,uM
4,Dasatinib,AZD8055,0.25,0.5,32.17368467,uM,uM
5,Dasatinib,Camptothecin,0.001953125,0,82.52490946,uM,uM
5,Dasatinib,Camptothecin,0.00390625,0,79.88291145,uM,uM
5,Dasatinib,Camptothecin,0.0078125,0,76.18636594,uM,uM
5,Dasatinib,Camptothecin,0.015625,0,64.2298238,uM,uM
5,Dasatinib,Camptothecin,0.03125,0,57.02062185,uM,uM
5,Dasatinib,Camptothecin,0.0625,0,40.94346349,uM,uM
5,Dasatinib,Camptothecin,0.125,0,30.38672996,uM,uM
5,Dasatinib,Camptothecin,0.25,0,27.06546826,uM,uM
5,Dasatinib,Camptothecin,0,0.0015625,102.5502043,uM,uM
5,Dasatinib,Camptothecin,0,0.003125,94.95039018,uM,uM
5,Dasatinib,Camptothecin,0,0.00625,107.0203123,uM,uM
5,Dasatinib,Camptothecin,0,0.0125,97.74468054,uM,uM
5,Dasatinib,Camptothecin,0,0.025,89.67704978,uM,uM
5,Dasatinib,Camptothecin,0,0.05,55.89589503,uM,uM
5,Dasatinib,Camptothecin,0,0.1,36.87933681,uM,uM
5,Dasatinib,Camptothecin,0,0.2,33.01322929,uM,uM
5,Dasatinib,Camptothecin,0.001953125,0.0015625,84.03051635,uM,uM
5,Dasatinib,Camptothecin,0.00390625,0.003125,79.2024472,uM,uM
5,Dasatinib,Camptothecin,0.0078125,0.00625,64.78457966,uM,uM
5,Dasatinib,Camptothecin,0.015625,0.0125,64.00570032,uM,uM
5,Dasatinib,Camptothecin,0.03125,0.025,44.7499355,uM,uM
5,Dasatinib,Camptothecin,0.0625,0.05,32.71293259,uM,uM
5,Dasatinib,Camptothecin,0.125,0.1,31.38982051,uM,uM
5,Dasatinib,Camptothecin,0.25,0.2,30.46843327,uM,uM
5,Dasatinib,Camptothecin,0.001953125,0,92.01706885,uM,uM
5,Dasatinib,Camptothecin,0.00390625,0,91.88231478,uM,uM
5,Dasatinib,Camptothecin,0.0078125,0,84.81521224,uM,uM
5,Dasatinib,Camptothecin,0.015625,0,76.91962169,uM,uM
5,Dasatinib,Camptothecin,0.03125,0,70.43645347,uM,uM
5,Dasatinib,Camptothecin,0.0625,0,55.69335962,uM,uM
5,Dasatinib,Camptothecin,0.125,0,44.39897188,uM,uM
5,Dasatinib,Camptothecin,0.25,0,39.87223317,uM,uM
5,Dasatinib,Camptothecin,0,0.0015625,98.04716957,uM,uM
5,Dasatinib,Camptothecin,0,0.003125,89.24253062,uM,uM
5,Dasatinib,Camptothecin,0,0.00625,97.677926,uM,uM
5,Dasatinib,Camptothecin,0,0.0125,93.50703383,uM,uM
5,Dasatinib,Camptothecin,0,0.025,84.05231817,uM,uM
5,Dasatinib,Camptothecin,0,0.05,59.05296825,uM,uM
5,Dasatinib,Camptothecin,0,0.1,41.49569649,uM,uM
5,Dasatinib,Camptothecin,0,0.2,37.15318408,uM,uM
5,Dasatinib,Camptothecin,0.001953125,0.0015625,75.40064804,uM,uM
5,Dasatinib,Camptothecin,0.00390625,0.003125,68.33056018,uM,uM
5,Dasatinib,Camptothecin,0.0078125,0.00625,62.41449436,uM,uM
5,Dasatinib,Camptothecin,0.015625,0.0125,65.08450828,uM,uM
5,Dasatinib,Camptothecin,0.03125,0.025,51.99521266,uM,uM
5,Dasatinib,Camptothecin,0.0625,0.05,42.31543918,uM,uM
5,Dasatinib,Camptothecin,0.125,0.1,39.36713664,uM,uM
5,Dasatinib,Camptothecin,0.25,0.2,40.41217853,uM,uM
5,Dasatinib,Camptothecin,0.001953125,0,89.67704424,uM,uM
5,Dasatinib,Camptothecin,0.00390625,0,84.41778107,uM,uM
5,Dasatinib,Camptothecin,0.0078125,0,75.71224695,uM,uM
5,Dasatinib,Camptothecin,0.015625,0,77.06009831,uM,uM
5,Dasatinib,Camptothecin,0.03125,0,64.61758021,uM,uM
5,Dasatinib,Camptothecin,0.0625,0,54.56948042,uM,uM
5,Dasatinib,Camptothecin,0.125,0,44.07738253,uM,uM
5,Dasatinib,Camptothecin,0.25,0,38.07812252,uM,uM
5,Dasatinib,Camptothecin,0,0.0015625,105.2831143,uM,uM
5,Dasatinib,Camptothecin,0,0.003125,98.13784968,uM,uM
5,Dasatinib,Camptothecin,0,0.00625,100.9921638,uM,uM
5,Dasatinib,Camptothecin,0,0.0125,95.16346478,uM,uM
5,Dasatinib,Camptothecin,0,0.025,94.91911021,uM,uM
5,Dasatinib,Camptothecin,0,0.05,62.87917088,uM,uM
5,Dasatinib,Camptothecin,0,0.1,39.440091,uM,uM
5,Dasatinib,Camptothecin,0,0.2,41.58872599,uM,uM
5,Dasatinib,Camptothecin,0.001953125,0.0015625,87.66094421,uM,uM
5,Dasatinib,Camptothecin,0.00390625,0.003125,84.13279475,uM,uM
5,Dasatinib,Camptothecin,0.0078125,0.00625,72.96768493,uM,uM
5,Dasatinib,Camptothecin,0.015625,0.0125,67.95001262,uM,uM
5,Dasatinib,Camptothecin,0.03125,0.025,58.13557183,uM,uM
5,Dasatinib,Camptothecin,0.0625,0.05,43.45493562,uM,uM
5,Dasatinib,Camptothecin,0.125,0.1,39.75637465,uM,uM
5,Dasatinib,Camptothecin,0.25,0.2,40.31810149,uM,uM
6,Dasatinib,Chloroquine,0.001953125,0,74.9651325,uM,uM
6,Dasatinib,Chloroquine,0.00390625,0,71.80526499,uM,uM
6,Dasatinib,Chloroquine,0.0078125,0,71.45658996,uM,uM
6,Dasatinib,Chloroquine,0.015625,0,65.35913529,uM,uM
6,Dasatinib,Chloroquine,0.03125,0,51.26830544,uM,uM
6,Dasatinib,Chloroquine,0.0625,0,37.30822873,uM,uM
6,Dasatinib,Chloroquine,0.125,0,31.82095537,uM,uM
6,Dasatinib,Chloroquine,0.25,0,31.87325662,uM,uM
6,Dasatinib,Chloroquine,0,0.78125,99.29593089,uM,uM
6,Dasatinib,Chloroquine,0,1.5625,103.9138152,uM,uM
6,Dasatinib,Chloroquine,0,3.125,101.8264036,uM,uM
6,Dasatinib,Chloroquine,0,6.25,111.0530368,uM,uM
6,Dasatinib,Chloroquine,0,12.5,120.2705348,uM,uM
6,Dasatinib,Chloroquine,0,25,85.02662282,uM,uM
6,Dasatinib,Chloroquine,0,50,60.33852739,uM,uM
6,Dasatinib,Chloroquine,0,100,39.98512254,uM,uM
6,Dasatinib,Chloroquine,0.001953125,0.78125,79.63616374,uM,uM
6,Dasatinib,Chloroquine,0.00390625,1.5625,75.44360921,uM,uM
6,Dasatinib,Chloroquine,0.0078125,3.125,70.20850912,uM,uM
6,Dasatinib,Chloroquine,0.015625,6.25,59.42957224,uM,uM
6,Dasatinib,Chloroquine,0.03125,12.5,52.28835877,uM,uM
6,Dasatinib,Chloroquine,0.0625,25,36.95443737,uM,uM
6,Dasatinib,Chloroquine,0.125,50,29.45526834,uM,uM
6,Dasatinib,Chloroquine,0.25,100,31.95200839,uM,uM
6,Dasatinib,Chloroquine,0.001953125,0,73.10558365,uM,uM
6,Dasatinib,Chloroquine,0.00390625,0,71.40881412,uM,uM
6,Dasatinib,Chloroquine,0.0078125,0,63.79192899,uM,uM
6,Dasatinib,Chloroquine,0.015625,0,59.96903705,uM,uM
6,Dasatinib,Chloroquine,0.03125,0,51.57188564,uM,uM
6,Dasatinib,Chloroquine,0.0625,0,37.83259366,uM,uM
6,Dasatinib,Chloroquine,0.125,0,33.41934152,uM,uM
6,Dasatinib,Chloroquine,0.25,0,32.33357416,uM,uM
6,Dasatinib,Chloroquine,0,0.78125,100.5399756,uM,uM
6,Dasatinib,Chloroquine,0,1.5625,97.39156941,uM,uM
6,Dasatinib,Chloroquine,0,3.125,99.05504268,uM,uM
6,Dasatinib,Chloroquine,0,6.25,95.02990188,uM,uM
6,Dasatinib,Chloroquine,0,12.5,108.4175231,uM,uM
6,Dasatinib,Chloroquine,0,25,102.1729664,uM,uM
6,Dasatinib,Chloroquine,0,50,62.71555478,uM,uM
6,Dasatinib,Chloroquine,0,100,43.35046159,uM,uM
6,Dasatinib,Chloroquine,0.001953125,0.78125,75.82398767,uM,uM
6,Dasatinib,Chloroquine,0.00390625,1.5625,71.41511857,uM,uM
6,Dasatinib,Chloroquine,0.0078125,3.125,67.14322404,uM,uM
6,Dasatinib,Chloroquine,0.015625,6.25,52.32999458,uM,uM
6,Dasatinib,Chloroquine,0.03125,12.5,48.29637873,uM,uM
6,Dasatinib,Chloroquine,0.0625,25,41.37060183,uM,uM
6,Dasatinib,Chloroquine,0.125,50,30.90916874,uM,uM
6,Dasatinib,Chloroquine,0.25,100,36.071398,uM,uM
6,Dasatinib,Chloroquine,0.001953125,0,78.50284887,uM,uM
6,Dasatinib,Chloroquine,0.00390625,0,74.37277678,uM,uM
6,Dasatinib,Chloroquine,0.0078125,0,68.93946548,uM,uM
6,Dasatinib,Chloroquine,0.015625,0,64.60163062,uM,uM
6,Dasatinib,Chloroquine,0.03125,0,55.4411811,uM,uM
6,Dasatinib,Chloroquine,0.0625,0,47.23140366,uM,uM
6,Dasatinib,Chloroquine,0.125,0,42.38990147,uM,uM
6,Dasatinib,Chloroquine,0.25,0,41.8799383,uM,uM
6,Dasatinib,Chloroquine,0,0.78125,98.09181247,uM,uM
6,Dasatinib,Chloroquine,0,1.5625,102.1154667,uM,uM
6,Dasatinib,Chloroquine,0,3.125,99.2013656,uM,uM
6,Dasatinib,Chloroquine,0,6.25,101.1400354,uM,uM
6,Dasatinib,Chloroquine,0,12.5,108.5329919,uM,uM
6,Dasatinib,Chloroquine,0,25,92.98908736,uM,uM
6,Dasatinib,Chloroquine,0,50,65.28683777,uM,uM
6,Dasatinib,Chloroquine,0,100,45.95500823,uM,uM
6,Dasatinib,Chloroquine,0.001953125,0.78125,85.83633694,uM,uM
6,Dasatinib,Chloroquine,0.00390625,1.5625,74.4804877,uM,uM
6,Dasatinib,Chloroquine,0.0078125,3.125,75.05006007,uM,uM
6,Dasatinib,Chloroquine,0.015625,6.25,66.33960753,uM,uM
6,Dasatinib,Chloroquine,0.03125,12.5,61.86089975,uM,uM
6,Dasatinib,Chloroquine,0.0625,25,52.26271526,uM,uM
6,Dasatinib,Chloroquine,0.125,50,42.81804832,uM,uM
6,Dasatinib,Chloroquine,0.25,100,46.02856761,uM,uM
7,Dasatinib,Defactinib,0.001953125,0,74.9651325,uM,uM
7,Dasatinib,Defactinib,0.00390625,0,71.80526499,uM,uM
7,Dasatinib,Defactinib,0.0078125,0,71.45658996,uM,uM
7,Dasatinib,Defactinib,0.015625,0,65.35913529,uM,uM
7,Dasatinib,Defactinib,0.03125,0,51.26830544,uM,uM
7,Dasatinib,Defactinib,0.0625,0,37.30822873,uM,uM
7,Dasatinib,Defactinib,0.125,0,31.82095537,uM,uM
7,Dasatinib,Defactinib,0.25,0,31.87325662,uM,uM
7,Dasatinib,Defactinib,0,0.390625,95.6351427,uM,uM
7,Dasatinib,Defactinib,0,0.78125,82.43726056,uM,uM
7,Dasatinib,Defactinib,0,1.5625,62.18415049,uM,uM
7,Dasatinib,Defactinib,0,3.125,45.1422668,uM,uM
7,Dasatinib,Defactinib,0,6.25,38.43140631,uM,uM
7,Dasatinib,Defactinib,0,12.5,35.94765615,uM,uM
7,Dasatinib,Defactinib,0,25,34.93607679,uM,uM
7,Dasatinib,Defactinib,0,50,33.02053291,uM,uM
7,Dasatinib,Defactinib,0.001953125,0.390625,74.57764947,uM,uM
7,Dasatinib,Defactinib,0.00390625,0.78125,64.49409421,uM,uM
7,Dasatinib,Defactinib,0.0078125,1.5625,46.25830978,uM,uM
7,Dasatinib,Defactinib,0.015625,3.125,32.72276322,uM,uM
7,Dasatinib,Defactinib,0.03125,6.25,28.10791031,uM,uM
7,Dasatinib,Defactinib,0.0625,12.5,31.15737258,uM,uM
7,Dasatinib,Defactinib,0.125,25,31.51517616,uM,uM
7,Dasatinib,Defactinib,0.25,50,26.1765842,uM,uM
7,Dasatinib,Defactinib,0.001953125,0,73.10558365,uM,uM
7,Dasatinib,Defactinib,0.00390625,0,71.40881412,uM,uM
7,Dasatinib,Defactinib,0.0078125,0,63.79192899,uM,uM
7,Dasatinib,Defactinib,0.015625,0,59.96903705,uM,uM
7,Dasatinib,Defactinib,0.03125,0,51.57188564,uM,uM
7,Dasatinib,Defactinib,0.0625,0,37.83259366,uM,uM
7,Dasatinib,Defactinib,0.125,0,33.41934152,uM,uM
7,Dasatinib,Defactinib,0.25,0,32.33357416,uM,uM
7,Dasatinib,Defactinib,0,0.390625,95.57221432,uM,uM
7,Dasatinib,Defactinib,0,0.78125,91.66472,uM,uM
7,Dasatinib,Defactinib,0,1.5625,73.76244983,uM,uM
7,Dasatinib,Defactinib,0,3.125,55.49916116,uM,uM
7,Dasatinib,Defactinib,0,6.25,43.31372507,uM,uM
7,Dasatinib,Defactinib,0,12.5,39.38499437,uM,uM
7,Dasatinib,Defactinib,0,25,39.24908153,uM,uM
7,Dasatinib,Defactinib,0,50,37.0192614,uM,uM
7,Dasatinib,Defactinib,0.001953125,0.390625,73.80184679,uM,uM
7,Dasatinib,Defactinib,0.00390625,0.78125,67.98798083,uM,uM
7,Dasatinib,Defactinib,0.0078125,1.5625,52.45652774,uM,uM
7,Dasatinib,Defactinib,0.015625,3.125,36.26640403,uM,uM
7,Dasatinib,Defactinib,0.03125,6.25,37.6583946,uM,uM
7,Dasatinib,Defactinib,0.0625,12.5,32.95109528,uM,uM
7,Dasatinib,Defactinib,0.125,25,30.07490026,uM,uM
7,Dasatinib,Defactinib,0.25,50,31.11999097,uM,uM
7,Dasatinib,Defactinib,0.001953125,0,78.50284887,uM,uM
7,Dasatinib,Defactinib,0.00390625,0,74.37277678,uM,uM
7,Dasatinib,Defactinib,0.0078125,0,68.93946548,uM,uM
7,Dasatinib,Defactinib,0.015625,0,64.60163062,uM,uM
7,Dasatinib,Defactinib,0.03125,0,55.4411811,uM,uM
7,Dasatinib,Defactinib,0.0625,0,47.23140366,uM,uM
7,Dasatinib,Defactinib,0.125,0,42.38990147,uM,uM
7,Dasatinib,Defactinib,0.25,0,41.8799383,uM,uM
7,Dasatinib,Defactinib,0,0.390625,95.94408414,uM,uM
7,Dasatinib,Defactinib,0,0.78125,98.79364226,uM,uM
7,Dasatinib,Defactinib,0,1.5625,86.4948419,uM,uM
7,Dasatinib,Defactinib,0,3.125,68.60445579,uM,uM
7,Dasatinib,Defactinib,0,6.25,52.21277597,uM,uM
7,Dasatinib,Defactinib,0,12.5,45.48539937,uM,uM
7,Dasatinib,Defactinib,0,25,44.37649115,uM,uM
7,Dasatinib,Defactinib,0,50,40.39786283,uM,uM
7,Dasatinib,Defactinib,0.001953125,0.390625,73.83473209,uM,uM
7,Dasatinib,Defactinib,0.00390625,0.78125,65.38411879,uM,uM
7,Dasatinib,Defactinib,0.0078125,1.5625,57.70819884,uM,uM
7,Dasatinib,Defactinib,0.015625,3.125,46.17172369,uM,uM
7,Dasatinib,Defactinib,0.03125,6.25,41.62040026,uM,uM
7,Dasatinib,Defactinib,0.0625,12.5,45.7908328,uM,uM
7,Dasatinib,Defactinib,0.125,25,45.16462234,uM,uM
7,Dasatinib,Defactinib,0.25,50,39.28986443,uM,uM
8,Dasatinib,Entinostat,0.001953125,0,81.59348,uM,uM
8,Dasatinib,Entinostat,0.00390625,0,75.68361985,uM,uM
8,Dasatinib,Entinostat,0.0078125,0,74.16495947,uM,uM
8,Dasatinib,Entinostat,0.015625,0,64.44731451,uM,uM
8,Dasatinib,Entinostat,0.03125,0,52.64986194,uM,uM
8,Dasatinib,Entinostat,0.0625,0,44.76707936,uM,uM
8,Dasatinib,Entinostat,0.125,0,36.45230249,uM,uM
8,Dasatinib,Entinostat,0.25,0,34.11418901,uM,uM
8,Dasatinib,Entinostat,0,0.3125,99.24863079,uM,uM
8,Dasatinib,Entinostat,0,0.625,103.1050559,uM,uM
8,Dasatinib,Entinostat,0,1.25,111.6054859,uM,uM
8,Dasatinib,Entinostat,0,2.5,97.25252342,uM,uM
8,Dasatinib,Entinostat,0,5,75.0056579,uM,uM
8,Dasatinib,Entinostat,0,10,48.92952519,uM,uM
8,Dasatinib,Entinostat,0,20,39.23867288,uM,uM
8,Dasatinib,Entinostat,0,40,36.49119631,uM,uM
8,Dasatinib,Entinostat,0.001953125,0.3125,79.92518703,uM,uM
8,Dasatinib,Entinostat,0.00390625,0.625,69.15883369,uM,uM
8,Dasatinib,Entinostat,0.0078125,1.25,66.80414349,uM,uM
8,Dasatinib,Entinostat,0.015625,2.5,52.70957222,uM,uM
8,Dasatinib,Entinostat,0.03125,5,45.50163054,uM,uM
8,Dasatinib,Entinostat,0.0625,10,40.7155189,uM,uM
8,Dasatinib,Entinostat,0.125,20,40.82102436,uM,uM
8,Dasatinib,Entinostat,0.25,40,42.54747746,uM,uM
8,Dasatinib,Entinostat,0.001953125,0,87.63874874,uM,uM
8,Dasatinib,Entinostat,0.00390625,0,85.58508054,uM,uM
8,Dasatinib,Entinostat,0.0078125,0,76.31460926,uM,uM
8,Dasatinib,Entinostat,0.015625,0,72.23343424,uM,uM
8,Dasatinib,Entinostat,0.03125,0,61.82307434,uM,uM
8,Dasatinib,Entinostat,0.0625,0,44.37156632,uM,uM
8,Dasatinib,Entinostat,0.125,0,34.77968382,uM,uM
8,Dasatinib,Entinostat,0.25,0,31.57304631,uM,uM
8,Dasatinib,Entinostat,0,0.3125,104.3290467,uM,uM
8,Dasatinib,Entinostat,0,0.625,100.8828905,uM,uM
8,Dasatinib,Entinostat,0,1.25,93.73735231,uM,uM
8,Dasatinib,Entinostat,0,2.5,85.04389973,uM,uM
8,Dasatinib,Entinostat,0,5,60.85416803,uM,uM
8,Dasatinib,Entinostat,0,10,38.58362165,uM,uM
8,Dasatinib,Entinostat,0,20,34.47108166,uM,uM
8,Dasatinib,Entinostat,0,40,37.05855474,uM,uM
8,Dasatinib,Entinostat,0.001953125,0.3125,74.78448276,uM,uM
8,Dasatinib,Entinostat,0.00390625,0.625,71.09233212,uM,uM
8,Dasatinib,Entinostat,0.0078125,1.25,62.60208711,uM,uM
8,Dasatinib,Entinostat,0.015625,2.5,58.00816697,uM,uM
8,Dasatinib,Entinostat,0.03125,5,48.40063521,uM,uM
8,Dasatinib,Entinostat,0.0625,10,41.14677858,uM,uM
8,Dasatinib,Entinostat,0.125,20,41.1581216,uM,uM
8,Dasatinib,Entinostat,0.25,40,46.35322142,uM,uM
8,Dasatinib,Entinostat,0.001953125,0,89.47264985,uM,uM
8,Dasatinib,Entinostat,0.00390625,0,83.36062889,uM,uM
8,Dasatinib,Entinostat,0.0078125,0,82.561415,uM,uM
8,Dasatinib,Entinostat,0.015625,0,77.13069112,uM,uM
8,Dasatinib,Entinostat,0.03125,0,63.95676384,uM,uM
8,Dasatinib,Entinostat,0.0625,0,52.95774648,uM,uM
8,Dasatinib,Entinostat,0.125,0,45.10972814,uM,uM
8,Dasatinib,Entinostat,0.25,0,42.76449394,uM,uM
8,Dasatinib,Entinostat,0,0.3125,91.70565136,uM,uM
8,Dasatinib,Entinostat,0,0.625,98.77411644,uM,uM
8,Dasatinib,Entinostat,0,1.25,95.29110466,uM,uM
8,Dasatinib,Entinostat,0,2.5,82.39713164,uM,uM
8,Dasatinib,Entinostat,0,5,60.63855216,uM,uM
8,Dasatinib,Entinostat,0,10,45.40891241,uM,uM
8,Dasatinib,Entinostat,0,20,40.62147857,uM,uM
8,Dasatinib,Entinostat,0,40,42.11029537,uM,uM
8,Dasatinib,Entinostat,0.001953125,0.3125,71.8097719,uM,uM
8,Dasatinib,Entinostat,0.00390625,0.625,72.02351134,uM,uM
8,Dasatinib,Entinostat,0.0078125,1.25,66.72678088,uM,uM
8,Dasatinib,Entinostat,0.015625,2.5,54.64604972,uM,uM
8,Dasatinib,Entinostat,0.03125,5,54.66386134,uM,uM
8,Dasatinib,Entinostat,0.0625,10,51.21063354,uM,uM
8,Dasatinib,Entinostat,0.125,20,51.49784591,uM,uM
8,Dasatinib,Entinostat,0.25,40,49.74785426,uM,uM
9,Dasatinib,Gefitinib,0.001953125,0,81.09732265,uM,uM
9,Dasatinib,Gefitinib,0.00390625,0,77.07641196,uM,uM
9,Dasatinib,Gefitinib,0.0078125,0,72.86007426,uM,uM
9,Dasatinib,Gefitinib,0.015625,0,67.46140317,uM,uM
9,Dasatinib,Gefitinib,0.03125,0,60.94391245,uM,uM
9,Dasatinib,Gefitinib,0.0625,0,48.97400821,uM,uM
9,Dasatinib,Gefitinib,0.125,0,39.90130936,uM,uM
9,Dasatinib,Gefitinib,0.25,0,37.53664256,uM,uM
9,Dasatinib,Gefitinib,0,0.390625,70.3530331,uM,uM
9,Dasatinib,Gefitinib,0,0.78125,65.05256428,uM,uM
9,Dasatinib,Gefitinib,0,1.5625,58.53388265,uM,uM
9,Dasatinib,Gefitinib,0,3.125,61.21892314,uM,uM
9,Dasatinib,Gefitinib,0,6.25,60.80622247,uM,uM
9,Dasatinib,Gefitinib,0,12.5,66.58900412,uM,uM
9,Dasatinib,Gefitinib,0,25,62.76033527,uM,uM
9,Dasatinib,Gefitinib,0,50,41.46895866,uM,uM
9,Dasatinib,Gefitinib,0.001953125,0.390625,71.7356708,uM,uM
9,Dasatinib,Gefitinib,0.00390625,0.78125,62.89438452,uM,uM
9,Dasatinib,Gefitinib,0.0078125,1.5625,56.92777932,uM,uM
9,Dasatinib,Gefitinib,0.015625,3.125,57.00861394,uM,uM
9,Dasatinib,Gefitinib,0.03125,6.25,60.05506858,uM,uM
9,Dasatinib,Gefitinib,0.0625,12.5,70.79091621,uM,uM
9,Dasatinib,Gefitinib,0.125,25,69.29547579,uM,uM
9,Dasatinib,Gefitinib,0.25,50,31.43961401,uM,uM
9,Dasatinib,Gefitinib,0.001953125,0,92.01706885,uM,uM
9,Dasatinib,Gefitinib,0.00390625,0,91.88231478,uM,uM
9,Dasatinib,Gefitinib,0.0078125,0,84.81521224,uM,uM
9,Dasatinib,Gefitinib,0.015625,0,76.91962169,uM,uM
9,Dasatinib,Gefitinib,0.03125,0,70.43645347,uM,uM
9,Dasatinib,Gefitinib,0.0625,0,55.69335962,uM,uM
9,Dasatinib,Gefitinib,0.125,0,44.39897188,uM,uM
9,Dasatinib,Gefitinib,0.25,0,39.87223317,uM,uM
9,Dasatinib,Gefitinib,0,0.390625,63.18139203,uM,uM
9,Dasatinib,Gefitinib,0,0.78125,63.29300415,uM,uM
9,Dasatinib,Gefitinib,0,1.5625,61.05183267,uM,uM
9,Dasatinib,Gefitinib,0,3.125,61.56524845,uM,uM
9,Dasatinib,Gefitinib,0,6.25,62.38671369,uM,uM
9,Dasatinib,Gefitinib,0,12.5,64.07875352,uM,uM
9,Dasatinib,Gefitinib,0,25,62.81530425,uM,uM
9,Dasatinib,Gefitinib,0,50,48.4039466,uM,uM
9,Dasatinib,Gefitinib,0.001953125,0.390625,60.51600044,uM,uM
9,Dasatinib,Gefitinib,0.00390625,0.78125,55.86535267,uM,uM
9,Dasatinib,Gefitinib,0.0078125,1.5625,54.31513675,uM,uM
9,Dasatinib,Gefitinib,0.015625,3.125,52.32643118,uM,uM
9,Dasatinib,Gefitinib,0.03125,6.25,56.92983427,uM,uM
9,Dasatinib,Gefitinib,0.0625,12.5,64.26309379,uM,uM
9,Dasatinib,Gefitinib,0.125,25,60.3033994,uM,uM
9,Dasatinib,Gefitinib,0.25,50,31.44280811,uM,uM
9,Dasatinib,Gefitinib,0.001953125,0,88.1899751,uM,uM
9,Dasatinib,Gefitinib,0.00390625,0,79.05764081,uM,uM
9,Dasatinib,Gefitinib,0.0078125,0,71.77620144,uM,uM
9,Dasatinib,Gefitinib,0.015625,0,70.5547987,uM,uM
9,Dasatinib,Gefitinib,0.03125,0,58.91858881,uM,uM
9,Dasatinib,Gefitinib,0.0625,0,45.98581294,uM,uM
9,Dasatinib,Gefitinib,0.125,0,37.54873867,uM,uM
9,Dasatinib,Gefitinib,0.25,0,36.21928877,uM,uM
9,Dasatinib,Gefitinib,0,0.390625,72.84877334,uM,uM
9,Dasatinib,Gefitinib,0,0.78125,65.10893446,uM,uM
9,Dasatinib,Gefitinib,0,1.5625,62.30776272,uM,uM
9,Dasatinib,Gefitinib,0,3.125,61.70816551,uM,uM
9,Dasatinib,Gefitinib,0,6.25,65.44306115,uM,uM
9,Dasatinib,Gefitinib,0,12.5,67.0541926,uM,uM
9,Dasatinib,Gefitinib,0,25,63.14079092,uM,uM
9,Dasatinib,Gefitinib,0,50,22.23239351,uM,uM
9,Dasatinib,Gefitinib,0.001953125,0.390625,62.46302206,uM,uM
9,Dasatinib,Gefitinib,0.00390625,0.78125,57.09161212,uM,uM
9,Dasatinib,Gefitinib,0.0078125,1.5625,56.49996506,uM,uM
9,Dasatinib,Gefitinib,0.015625,3.125,58.14446437,uM,uM
9,Dasatinib,Gefitinib,0.03125,6.25,61.51265985,uM,uM
9,Dasatinib,Gefitinib,0.0625,12.5,65.78928979,uM,uM
9,Dasatinib,Gefitinib,0.125,25,65.01595584,uM,uM
9,Dasatinib,Gefitinib,0.25,50,20.62223879,uM,uM
10,Dasatinib,Metformin,0.001953125,0,79.88586517,uM,mM
10,Dasatinib,Metformin,0.00390625,0,71.9645671,uM,mM
10,Dasatinib,Metformin,0.0078125,0,70.31642605,uM,mM
10,Dasatinib,Metformin,0.015625,0,70.7522394,uM,mM
10,Dasatinib,Metformin,0.03125,0,50.92628082,uM,mM
10,Dasatinib,Metformin,0.0625,0,36.90217623,uM,mM
10,Dasatinib,Metformin,0.125,0,31.39133768,uM,mM
10,Dasatinib,Metformin,0.25,0,30.91009753,uM,mM
10,Dasatinib,Metformin,0,0.05859375,108.3212355,uM,mM
10,Dasatinib,Metformin,0,0.1171875,107.2580249,uM,mM
10,Dasatinib,Metformin,0,0.234375,105.0937322,uM,mM
10,Dasatinib,Metformin,0,0.46875,103.5325801,uM,mM
10,Dasatinib,Metformin,0,0.9375,98.6808054,uM,mM
10,Dasatinib,Metformin,0,1.875,91.84708283,uM,mM
10,Dasatinib,Metformin,0,3.75,78.20067748,uM,mM
10,Dasatinib,Metformin,0,7.5,50.11256286,uM,mM
10,Dasatinib,Metformin,0.001953125,0.05859375,78.40387039,uM,mM
10,Dasatinib,Metformin,0.00390625,0.1171875,68.13025979,uM,mM
10,Dasatinib,Metformin,0.0078125,0.234375,66.24385088,uM,mM
10,Dasatinib,Metformin,0.015625,0.46875,56.47436679,uM,mM
10,Dasatinib,Metformin,0.03125,0.9375,44.24116762,uM,mM
10,Dasatinib,Metformin,0.0625,1.875,35.65882018,uM,mM
10,Dasatinib,Metformin,0.125,3.75,25.52750335,uM,mM
10,Dasatinib,Metformin,0.25,7.5,28.06033256,uM,mM
10,Dasatinib,Metformin,0.001953125,0,81.24225841,uM,mM
10,Dasatinib,Metformin,0.00390625,0,73.35540391,uM,mM
10,Dasatinib,Metformin,0.0078125,0,72.11524747,uM,mM
10,Dasatinib,Metformin,0.015625,0,62.67594532,uM,mM
10,Dasatinib,Metformin,0.03125,0,51.2487895,uM,mM
10,Dasatinib,Metformin,0.0625,0,40.84859131,uM,mM
10,Dasatinib,Metformin,0.125,0,34.79494629,uM,mM
10,Dasatinib,Metformin,0.25,0,35.72731572,uM,mM
10,Dasatinib,Metformin,0,0.05859375,107.1223355,uM,mM
10,Dasatinib,Metformin,0,0.1171875,101.2511585,uM,mM
10,Dasatinib,Metformin,0,0.234375,100.0617856,uM,mM
10,Dasatinib,Metformin,0,0.46875,98.00278035,uM,mM
10,Dasatinib,Metformin,0,0.9375,93.3781279,uM,mM
10,Dasatinib,Metformin,0,1.875,94.06858202,uM,mM
10,Dasatinib,Metformin,0,3.75,88.98053753,uM,mM
10,Dasatinib,Metformin,0,7.5,52.31387087,uM,mM
10,Dasatinib,Metformin,0.001953125,0.05859375,81.22623688,uM,mM
10,Dasatinib,Metformin,0.00390625,0.1171875,77.37152969,uM,mM
10,Dasatinib,Metformin,0.0078125,0.234375,72.68466487,uM,mM
10,Dasatinib,Metformin,0.015625,0.46875,64.56395418,uM,mM
10,Dasatinib,Metformin,0.03125,0.9375,51.6989885,uM,mM
10,Dasatinib,Metformin,0.0625,1.875,40.78528898,uM,mM
10,Dasatinib,Metformin,0.125,3.75,35.23757144,uM,mM
10,Dasatinib,Metformin,0.25,7.5,36.01233889,uM,mM
10,Dasatinib,Metformin,0.001953125,0,83.22508693,uM,mM
10,Dasatinib,Metformin,0.00390625,0,84.51092305,uM,mM
10,Dasatinib,Metformin,0.0078125,0,72.49666514,uM,mM
10,Dasatinib,Metformin,0.015625,0,70.19615561,uM,mM
10,Dasatinib,Metformin,0.03125,0,61.37899364,uM,mM
10,Dasatinib,Metformin,0.0625,0,48.44846815,uM,mM
10,Dasatinib,Metformin,0.125,0,42.36698813,uM,mM
10,Dasatinib,Metformin,0.25,0,42.74093026,uM,mM
10,Dasatinib,Metformin,0,0.05859375,107.5291254,uM,mM
10,Dasatinib,Metformin,0,0.1171875,107.4456616,uM,mM
10,Dasatinib,Metformin,0,0.234375,102.4447922,uM,mM
10,Dasatinib,Metformin,0,0.46875,101.9926969,uM,mM
10,Dasatinib,Metformin,0,0.9375,96.49800035,uM,mM
10,Dasatinib,Metformin,0,1.875,95.79551382,uM,mM
10,Dasatinib,Metformin,0,3.75,89.47313511,uM,mM
10,Dasatinib,Metformin,0,7.5,70.90245175,uM,mM
10,Dasatinib,Metformin,0.001953125,0.05859375,82.93554037,uM,mM
10,Dasatinib,Metformin,0.00390625,0.1171875,84.05508431,uM,mM
10,Dasatinib,Metformin,0.0078125,0.234375,77.92392138,uM,mM
10,Dasatinib,Metformin,0.015625,0.46875,69.67272228,uM,mM
10,Dasatinib,Metformin,0.03125,0.9375,59.95398194,uM,mM
10,Dasatinib,Metformin,0.0625,1.875,52.04849068,uM,mM
10,Dasatinib,Metformin,0.125,3.75,42.96850853,uM,mM
10,Dasatinib,Metformin,0.25,7.5,47.32992204,uM,mM
11,Dasatinib,Regorafenib,0.001953125,0,74.31928547,uM,uM
11,Dasatinib,Regorafenib,0.00390625,0,77.30662504,uM,uM
11,Dasatinib,Regorafenib,0.0078125,0,68.7608394,uM,uM
11,Dasatinib,Regorafenib,0.015625,0,57.69453116,uM,uM
11,Dasatinib,Regorafenib,0.03125,0,48.90305238,uM,uM
11,Dasatinib,Regorafenib,0.0625,0,36.80627818,uM,uM
11,Dasatinib,Regorafenib,0.125,0,33.53277836,uM,uM
11,Dasatinib,Regorafenib,0.25,0,33.37235519,uM,uM
11,Dasatinib,Regorafenib,0,0.15625,103.9605673,uM,uM
11,Dasatinib,Regorafenib,0,0.3125,101.7035628,uM,uM
11,Dasatinib,Regorafenib,0,0.625,101.9846074,uM,uM
11,Dasatinib,Regorafenib,0,1.25,99.26063646,uM,uM
11,Dasatinib,Regorafenib,0,2.5,91.93618125,uM,uM
11,Dasatinib,Regorafenib,0,5,86.5790384,uM,uM
11,Dasatinib,Regorafenib,0,10,58.25406434,uM,uM
11,Dasatinib,Regorafenib,0,20,31.95693532,uM,uM
11,Dasatinib,Regorafenib,0.001953125,0.15625,82.96221606,uM,uM
11,Dasatinib,Regorafenib,0.00390625,0.3125,73.25434837,uM,uM
11,Dasatinib,Regorafenib,0.0078125,0.625,71.33014032,uM,uM
11,Dasatinib,Regorafenib,0.015625,1.25,60.12519956,uM,uM
11,Dasatinib,Regorafenib,0.03125,2.5,50.0462146,uM,uM
11,Dasatinib,Regorafenib,0.0625,5,41.40828502,uM,uM
11,Dasatinib,Regorafenib,0.125,10,32.50567179,uM,uM
11,Dasatinib,Regorafenib,0.25,20,36.02218301,uM,uM
11,Dasatinib,Regorafenib,0.001953125,0,82.73151767,uM,uM
11,Dasatinib,Regorafenib,0.00390625,0,73.43066619,uM,uM
11,Dasatinib,Regorafenib,0.0078125,0,69.51340616,uM,uM
11,Dasatinib,Regorafenib,0.015625,0,63.50863107,uM,uM
11,Dasatinib,Regorafenib,0.03125,0,51.32159986,uM,uM
11,Dasatinib,Regorafenib,0.0625,0,40.90092755,uM,uM
11,Dasatinib,Regorafenib,0.125,0,34.19890553,uM,uM
11,Dasatinib,Regorafenib,0.25,0,32.52128716,uM,uM
11,Dasatinib,Regorafenib,0,0.15625,100.1461083,uM,uM
11,Dasatinib,Regorafenib,0,0.3125,95.47559496,uM,uM
11,Dasatinib,Regorafenib,0,0.625,90.52772343,uM,uM
11,Dasatinib,Regorafenib,0,1.25,78.35863401,uM,uM
11,Dasatinib,Regorafenib,0,2.5,69.33293711,uM,uM
11,Dasatinib,Regorafenib,0,5,35.02637379,uM,uM
11,Dasatinib,Regorafenib,0,10,36.41316461,uM,uM
11,Dasatinib,Regorafenib,0,20,40.06339615,uM,uM
11,Dasatinib,Regorafenib,0.001953125,0.15625,83.97531499,uM,uM
11,Dasatinib,Regorafenib,0.00390625,0.3125,80.08742607,uM,uM
11,Dasatinib,Regorafenib,0.0078125,0.625,67.07122654,uM,uM
11,Dasatinib,Regorafenib,0.015625,1.25,56.28696323,uM,uM
11,Dasatinib,Regorafenib,0.03125,2.5,48.5626125,uM,uM
11,Dasatinib,Regorafenib,0.0625,5,43.69760864,uM,uM
11,Dasatinib,Regorafenib,0.125,10,34.9138596,uM,uM
11,Dasatinib,Regorafenib,0.25,20,45.72383646,uM,uM
11,Dasatinib,Regorafenib,0.001953125,0,80.45942452,uM,uM
11,Dasatinib,Regorafenib,0.00390625,0,74.47006825,uM,uM
11,Dasatinib,Regorafenib,0.0078125,0,70.3087886,uM,uM
11,Dasatinib,Regorafenib,0.015625,0,67.40431161,uM,uM
11,Dasatinib,Regorafenib,0.03125,0,55.4316125,uM,uM
11,Dasatinib,Regorafenib,0.0625,0,46.61595358,uM,uM
11,Dasatinib,Regorafenib,0.125,0,41.66090382,uM,uM
11,Dasatinib,Regorafenib,0.25,0,40.38004751,uM,uM
11,Dasatinib,Regorafenib,0,0.15625,97.20112229,uM,uM
11,Dasatinib,Regorafenib,0,0.3125,97.24218162,uM,uM
11,Dasatinib,Regorafenib,0,0.625,92.19188394,uM,uM
11,Dasatinib,Regorafenib,0,1.25,89.06453158,uM,uM
11,Dasatinib,Regorafenib,0,2.5,83.3230685,uM,uM
11,Dasatinib,Regorafenib,0,5,83.24779306,uM,uM
11,Dasatinib,Regorafenib,0,10,65.51700541,uM,uM
11,Dasatinib,Regorafenib,0,20,40.4845001,uM,uM
11,Dasatinib,Regorafenib,0.001953125,0.15625,77.55485074,uM,uM
11,Dasatinib,Regorafenib,0.00390625,0.3125,75.33587541,uM,uM
11,Dasatinib,Regorafenib,0.0078125,0.625,65.23644916,uM,uM
11,Dasatinib,Regorafenib,0.015625,1.25,59.07843626,uM,uM
11,Dasatinib,Regorafenib,0.03125,2.5,53.11286127,uM,uM
11,Dasatinib,Regorafenib,0.0625,5,49.62759702,uM,uM
11,Dasatinib,Regorafenib,0.125,10,49.37814048,uM,uM
11,Dasatinib,Regorafenib,0.25,20,50.66105983,uM,uM
12,Dasatinib,Sapitinib,0.001953125,0,86.92411924,uM,uM
12,Dasatinib,Sapitinib,0.00390625,0,81.75450058,uM,uM
12,Dasatinib,Sapitinib,0.0078125,0,77.43902439,uM,uM
12,Dasatinib,Sapitinib,0.015625,0,65.31286295,uM,uM
12,Dasatinib,Sapitinib,0.03125,0,55.91245645,uM,uM
12,Dasatinib,Sapitinib,0.0625,0,42.28368177,uM,uM
12,Dasatinib,Sapitinib,0.125,0,34.27700348,uM,uM
12,Dasatinib,Sapitinib,0.25,0,34.28426249,uM,uM
12,Dasatinib,Sapitinib,0,0.00390625,98.2975954,uM,uM
12,Dasatinib,Sapitinib,0,0.0078125,101.2023018,uM,uM
12,Dasatinib,Sapitinib,0,0.015625,99.21216688,uM,uM
12,Dasatinib,Sapitinib,0,0.03125,95.63266425,uM,uM
12,Dasatinib,Sapitinib,0,0.0625,84.81879838,uM,uM
12,Dasatinib,Sapitinib,0,0.125,71.07624854,uM,uM
12,Dasatinib,Sapitinib,0,0.25,58.04274851,uM,uM
12,Dasatinib,Sapitinib,0,0.5,54.49407412,uM,uM
12,Dasatinib,Sapitinib,0.001953125,0.00390625,79.72984131,uM,uM
12,Dasatinib,Sapitinib,0.00390625,0.0078125,77.4609046,uM,uM
12,Dasatinib,Sapitinib,0.0078125,0.015625,64.34929075,uM,uM
12,Dasatinib,Sapitinib,0.015625,0.03125,56.19829252,uM,uM
12,Dasatinib,Sapitinib,0.03125,0.0625,46.31339069,uM,uM
12,Dasatinib,Sapitinib,0.0625,0.125,36.9470086,uM,uM
12,Dasatinib,Sapitinib,0.125,0.25,39.30181482,uM,uM
12,Dasatinib,Sapitinib,0.25,0.5,45.57359182,uM,uM
12,Dasatinib,Sapitinib,0.001953125,0,86.26231208,uM,uM
12,Dasatinib,Sapitinib,0.00390625,0,79.4749315,uM,uM
12,Dasatinib,Sapitinib,0.0078125,0,76.70887951,uM,uM
12,Dasatinib,Sapitinib,0.015625,0,64.57824187,uM,uM
12,Dasatinib,Sapitinib,0.03125,0,57.21321188,uM,uM
12,Dasatinib,Sapitinib,0.0625,0,43.7384285,uM,uM
12,Dasatinib,Sapitinib,0.125,0,31.04125009,uM,uM
12,Dasatinib,Sapitinib,0.25,0,28.54180552,uM,uM
12,Dasatinib,Sapitinib,0,0.00390625,98.62704302,uM,uM
12,Dasatinib,Sapitinib,0,0.0078125,89.90443925,uM,uM
12,Dasatinib,Sapitinib,0,0.015625,106.4351605,uM,uM
12,Dasatinib,Sapitinib,0,0.03125,88.27186635,uM,uM
12,Dasatinib,Sapitinib,0,0.0625,85.94207435,uM,uM
12,Dasatinib,Sapitinib,0,0.125,66.1007899,uM,uM
12,Dasatinib,Sapitinib,0,0.25,56.35322495,uM,uM
12,Dasatinib,Sapitinib,0,0.5,50.39126512,uM,uM
12,Dasatinib,Sapitinib,0.001953125,0.00390625,78.05574636,uM,uM
12,Dasatinib,Sapitinib,0.00390625,0.0078125,75.8396298,uM,uM
12,Dasatinib,Sapitinib,0.0078125,0.015625,68.4393189,uM,uM
12,Dasatinib,Sapitinib,0.015625,0.03125,66.80886447,uM,uM
12,Dasatinib,Sapitinib,0.03125,0.0625,48.24843643,uM,uM
12,Dasatinib,Sapitinib,0.0625,0.125,37.53660388,uM,uM
12,Dasatinib,Sapitinib,0.125,0.25,33.65749611,uM,uM
12,Dasatinib,Sapitinib,0.25,0.5,40.65652001,uM,uM
12,Dasatinib,Sapitinib,0.001953125,0,82.1395613,uM,uM
12,Dasatinib,Sapitinib,0.00390625,0,81.4474338,uM,uM
12,Dasatinib,Sapitinib,0.0078125,0,77.4756868,uM,uM
12,Dasatinib,Sapitinib,0.015625,0,67.92432739,uM,uM
12,Dasatinib,Sapitinib,0.03125,0,58.94086747,uM,uM
12,Dasatinib,Sapitinib,0.0625,0,48.98487968,uM,uM
12,Dasatinib,Sapitinib,0.125,0,36.86377511,uM,uM
12,Dasatinib,Sapitinib,0.25,0,34.18399943,uM,uM
12,Dasatinib,Sapitinib,0,0.00390625,97.78842344,uM,uM
12,Dasatinib,Sapitinib,0,0.0078125,103.1048518,uM,uM
12,Dasatinib,Sapitinib,0,0.015625,100.5510932,uM,uM
12,Dasatinib,Sapitinib,0,0.03125,93.64261787,uM,uM
12,Dasatinib,Sapitinib,0,0.0625,88.71159457,uM,uM
12,Dasatinib,Sapitinib,0,0.125,70.87850737,uM,uM
12,Dasatinib,Sapitinib,0,0.25,60.56622123,uM,uM
12,Dasatinib,Sapitinib,0,0.5,58.91294168,uM,uM
12,Dasatinib,Sapitinib,0.001953125,0.00390625,78.30237962,uM,uM
12,Dasatinib,Sapitinib,0.00390625,0.0078125,77.26838758,uM,uM
12,Dasatinib,Sapitinib,0.0078125,0.015625,70.64291247,uM,uM
12,Dasatinib,Sapitinib,0.015625,0.03125,64.20478086,uM,uM
12,Dasatinib,Sapitinib,0.03125,0.0625,53.11908922,uM,uM
12,Dasatinib,Sapitinib,0.0625,0.125,42.34683768,uM,uM
12,Dasatinib,Sapitinib,0.125,0.25,40.94176139,uM,uM
12,Dasatinib,Sapitinib,0.25,0.5,48.78857205,uM,uM
13,Dasatinib,Sorafenib,0.001953125,0,86.92411924,uM,uM
13,Dasatinib,Sorafenib,0.00390625,0,81.75450058,uM,uM
13,Dasatinib,Sorafenib,0.0078125,0,77.43902439,uM,uM
13,Dasatinib,Sorafenib,0.015625,0,65.31286295,uM,uM
13,Dasatinib,Sorafenib,0.03125,0,55.91245645,uM,uM
13,Dasatinib,Sorafenib,0.0625,0,42.28368177,uM,uM
13,Dasatinib,Sorafenib,0.125,0,34.27700348,uM,uM
13,Dasatinib,Sorafenib,0.25,0,34.28426249,uM,uM
13,Dasatinib,Sorafenib,0,0.01953125,94.65129528,uM,uM
13,Dasatinib,Sorafenib,0,0.0390625,100.9618285,uM,uM
13,Dasatinib,Sorafenib,0,0.078125,100.3284292,uM,uM
13,Dasatinib,Sorafenib,0,0.15625,97.3893227,uM,uM
13,Dasatinib,Sorafenib,0,0.3125,97.29883709,uM,uM
13,Dasatinib,Sorafenib,0,0.625,100.5496163,uM,uM
13,Dasatinib,Sorafenib,0,1.25,91.8294849,uM,uM
13,Dasatinib,Sorafenib,0,2.5,85.8574349,uM,uM
13,Dasatinib,Sorafenib,0.001953125,0.01953125,79.30555085,uM,uM
13,Dasatinib,Sorafenib,0.00390625,0.0390625,72.40853142,uM,uM
13,Dasatinib,Sorafenib,0.0078125,0.078125,70.63849988,uM,uM
13,Dasatinib,Sorafenib,0.015625,0.15625,60.95758028,uM,uM
13,Dasatinib,Sorafenib,0.03125,0.3125,56.46468414,uM,uM
13,Dasatinib,Sorafenib,0.0625,0.625,38.81410148,uM,uM
13,Dasatinib,Sorafenib,0.125,1.25,31.84700417,uM,uM
13,Dasatinib,Sorafenib,0.25,2.5,35.68885423,uM,uM
13,Dasatinib,Sorafenib,0.001953125,0,86.26231208,uM,uM
13,Dasatinib,Sorafenib,0.00390625,0,79.4749315,uM,uM
13,Dasatinib,Sorafenib,0.0078125,0,76.70887951,uM,uM
13,Dasatinib,Sorafenib,0.015625,0,64.57824187,uM,uM
13,Dasatinib,Sorafenib,0.03125,0,57.21321188,uM,uM
13,Dasatinib,Sorafenib,0.0625,0,43.7384285,uM,uM
13,Dasatinib,Sorafenib,0.125,0,31.04125009,uM,uM
13,Dasatinib,Sorafenib,0.25,0,28.54180552,uM,uM
13,Dasatinib,Sorafenib,0,0.01953125,97.96518116,uM,uM
13,Dasatinib,Sorafenib,0,0.0390625,98.83565211,uM,uM
13,Dasatinib,Sorafenib,0,0.078125,102.3472956,uM,uM
13,Dasatinib,Sorafenib,0,0.15625,97.99866081,uM,uM
13,Dasatinib,Sorafenib,0,0.3125,99.70984302,uM,uM
13,Dasatinib,Sorafenib,0,0.625,97.73454356,uM,uM
13,Dasatinib,Sorafenib,0,1.25,100.0297597,uM,uM
13,Dasatinib,Sorafenib,0,2.5,85.46611115,uM,uM
13,Dasatinib,Sorafenib,0.001953125,0.01953125,78.98300352,uM,uM
13,Dasatinib,Sorafenib,0.00390625,0.0390625,73.50713712,uM,uM
13,Dasatinib,Sorafenib,0.0078125,0.078125,61.98652846,uM,uM
13,Dasatinib,Sorafenib,0.015625,0.15625,60.52071336,uM,uM
13,Dasatinib,Sorafenib,0.03125,0.3125,55.69050361,uM,uM
13,Dasatinib,Sorafenib,0.0625,0.625,39.37109552,uM,uM
13,Dasatinib,Sorafenib,0.125,1.25,28.99172861,uM,uM
13,Dasatinib,Sorafenib,0.25,2.5,28.96380833,uM,uM
13,Dasatinib,Sorafenib,0.001953125,0,82.1395613,uM,uM
13,Dasatinib,Sorafenib,0.00390625,0,81.4474338,uM,uM
13,Dasatinib,Sorafenib,0.0078125,0,77.4756868,uM,uM
13,Dasatinib,Sorafenib,0.015625,0,67.92432739,uM,uM
13,Dasatinib,Sorafenib,0.03125,0,58.94086747,uM,uM
13,Dasatinib,Sorafenib,0.0625,0,48.98487968,uM,uM
13,Dasatinib,Sorafenib,0.125,0,36.86377511,uM,uM
13,Dasatinib,Sorafenib,0.25,0,34.18399943,uM,uM
13,Dasatinib,Sorafenib,0,0.01953125,96.71377113,uM,uM
13,Dasatinib,Sorafenib,0,0.0390625,99.54373326,uM,uM
13,Dasatinib,Sorafenib,0,0.078125,101.675441,uM,uM
13,Dasatinib,Sorafenib,0,0.15625,93.67691881,uM,uM
13,Dasatinib,Sorafenib,0,0.3125,97.73344417,uM,uM
13,Dasatinib,Sorafenib,0,0.625,90.41100951,uM,uM
13,Dasatinib,Sorafenib,0,1.25,88.76327699,uM,uM
13,Dasatinib,Sorafenib,0,2.5,87.2263785,uM,uM
13,Dasatinib,Sorafenib,0.001953125,0.01953125,79.55870482,uM,uM
13,Dasatinib,Sorafenib,0.00390625,0.0390625,78.12359853,uM,uM
13,Dasatinib,Sorafenib,0.0078125,0.078125,72.12485425,uM,uM
13,Dasatinib,Sorafenib,0.015625,0.15625,61.93559961,uM,uM
13,Dasatinib,Sorafenib,0.03125,0.3125,54.15732353,uM,uM
13,Dasatinib,Sorafenib,0.0625,0.625,42.86303704,uM,uM
13,Dasatinib,Sorafenib,0.125,1.25,35.69109337,uM,uM
13,Dasatinib,Sorafenib,0.25,2.5,37.40604539,uM,uM
14,Dasatinib,Staurosporine,0.001953125,0,88.1899751,uM,uM
14,Dasatinib,Staurosporine,0.00390625,0,79.05764081,uM,uM
14,Dasatinib,Staurosporine,0.0078125,0,71.77620144,uM,uM
14,Dasatinib,Staurosporine,0.015625,0,70.5547987,uM,uM
14,Dasatinib,Staurosporine,0.03125,0,58.91858881,uM,uM
14,Dasatinib,Staurosporine,0.0625,0,45.98581294,uM,uM
14,Dasatinib,Staurosporine,0.125,0,37.54873867,uM,uM
14,Dasatinib,Staurosporine,0.25,0,36.21928877,uM,uM
14,Dasatinib,Staurosporine,0,0.000625,93.54715882,uM,uM
14,Dasatinib,Staurosporine,0,0.00125,78.90339776,uM,uM
14,Dasatinib,Staurosporine,0,0.0025,74.48204807,uM,uM
14,Dasatinib,Staurosporine,0,0.005,68.2823034,uM,uM
14,Dasatinib,Staurosporine,0,0.01,66.34712299,uM,uM
14,Dasatinib,Staurosporine,0,0.02,57.85831075,uM,uM
14,Dasatinib,Staurosporine,0,0.04,40.04748359,uM,uM
14,Dasatinib,Staurosporine,0,0.08,38.85143459,uM,uM
14,Dasatinib,Staurosporine,0.001953125,0.000625,102.5902081,uM,uM
14,Dasatinib,Staurosporine,0.00390625,0.00125,87.30847931,uM,uM
14,Dasatinib,Staurosporine,0.0078125,0.0025,84.29904676,uM,uM
14,Dasatinib,Staurosporine,0.015625,0.005,82.78684434,uM,uM
14,Dasatinib,Staurosporine,0.03125,0.01,76.62324699,uM,uM
14,Dasatinib,Staurosporine,0.0625,0.02,65.90807007,uM,uM
14,Dasatinib,Staurosporine,0.125,0.04,47.68677946,uM,uM
14,Dasatinib,Staurosporine,0.25,0.08,45.57568498,uM,uM
14,Dasatinib,Staurosporine,0.001953125,0,82.13182556,uM,uM
14,Dasatinib,Staurosporine,0.00390625,0,81.70252866,uM,uM
14,Dasatinib,Staurosporine,0.0078125,0,81.3360557,uM,uM
14,Dasatinib,Staurosporine,0.015625,0,74.84424899,uM,uM
14,Dasatinib,Staurosporine,0.03125,0,63.19564421,uM,uM
14,Dasatinib,Staurosporine,0.0625,0,50.52615046,uM,uM
14,Dasatinib,Staurosporine,0.125,0,36.71535522,uM,uM
14,Dasatinib,Staurosporine,0.25,0,34.25475106,uM,uM
14,Dasatinib,Staurosporine,0,0.000625,83.7010394,uM,uM
14,Dasatinib,Staurosporine,0,0.00125,73.21646039,uM,uM
14,Dasatinib,Staurosporine,0,0.0025,69.08153729,uM,uM
14,Dasatinib,Staurosporine,0,0.005,61.95587527,uM,uM
14,Dasatinib,Staurosporine,0,0.01,53.623722,uM,uM
14,Dasatinib,Staurosporine,0,0.02,43.28074995,uM,uM
14,Dasatinib,Staurosporine,0,0.04,33.6684698,uM,uM
14,Dasatinib,Staurosporine,0,0.08,37.29927214,uM,uM
14,Dasatinib,Staurosporine,0.001953125,0.000625,81.4278288,uM,uM
14,Dasatinib,Staurosporine,0.00390625,0.00125,94.22283833,uM,uM
14,Dasatinib,Staurosporine,0.0078125,0.0025,88.98284526,uM,uM
14,Dasatinib,Staurosporine,0.015625,0.005,76.31259747,uM,uM
14,Dasatinib,Staurosporine,0.03125,0.01,73.18662277,uM,uM
14,Dasatinib,Staurosporine,0.0625,0.02,62.18679605,uM,uM
14,Dasatinib,Staurosporine,0.125,0.04,46.70940911,uM,uM
14,Dasatinib,Staurosporine,0.25,0.08,45.10830012,uM,uM
14,Dasatinib,Staurosporine,0.001953125,0,90.99435959,uM,uM
14,Dasatinib,Staurosporine,0.00390625,0,87.52561421,uM,uM
14,Dasatinib,Staurosporine,0.0078125,0,78.09535881,uM,uM
14,Dasatinib,Staurosporine,0.015625,0,75.53921879,uM,uM
14,Dasatinib,Staurosporine,0.03125,0,66.05403807,uM,uM
14,Dasatinib,Staurosporine,0.0625,0,53.61556499,uM,uM
14,Dasatinib,Staurosporine,0.125,0,35.23248199,uM,uM
14,Dasatinib,Staurosporine,0.25,0,29.90050067,uM,uM
14,Dasatinib,Staurosporine,0,0.000625,66.64308012,uM,uM
14,Dasatinib,Staurosporine,0,0.00125,66.93444329,uM,uM
14,Dasatinib,Staurosporine,0,0.0025,59.72528616,uM,uM
14,Dasatinib,Staurosporine,0,0.005,54.49739854,uM,uM
14,Dasatinib,Staurosporine,0,0.01,50.13527575,uM,uM
14,Dasatinib,Staurosporine,0,0.02,40.59937565,uM,uM
14,Dasatinib,Staurosporine,0,0.04,32.37460978,uM,uM
14,Dasatinib,Staurosporine,0,0.08,32.18314256,uM,uM
14,Dasatinib,Staurosporine,0.001953125,0.000625,75.31012577,uM,uM
14,Dasatinib,Staurosporine,0.00390625,0.00125,72.61879212,uM,uM
14,Dasatinib,Staurosporine,0.0078125,0.0025,67.96583251,uM,uM
14,Dasatinib,Staurosporine,0.015625,0.005,66.60943469,uM,uM
14,Dasatinib,Staurosporine,0.03125,0.01,62.86932509,uM,uM
14,Dasatinib,Staurosporine,0.0625,0.02,51.76632184,uM,uM
14,Dasatinib,Staurosporine,0.125,0.04,35.81147787,uM,uM
14,Dasatinib,Staurosporine,0.25,0.08,35.07747779,uM,uM
15,Dasatinib,Trametinib,0.001953125,0,74.31928547,uM,uM
15,Dasatinib,Trametinib,0.00390625,0,77.30662504,uM,uM
15,Dasatinib,Trametinib,0.0078125,0,68.7608394,uM,uM
15,Dasatinib,Trametinib,0.015625,0,57.69453116,uM,uM
15,Dasatinib,Trametinib,0.03125,0,48.90305238,uM,uM
15,Dasatinib,Trametinib,0.0625,0,36.80627818,uM,uM
15,Dasatinib,Trametinib,0.125,0,33.53277836,uM,uM
15,Dasatinib,Trametinib,0.25,0,33.37235519,uM,uM
15,Dasatinib,Trametinib,0,0.0078125,105.6517776,uM,uM
15,Dasatinib,Trametinib,0,0.015625,105.7338195,uM,uM
15,Dasatinib,Trametinib,0,0.03125,109.8769371,uM,uM
15,Dasatinib,Trametinib,0,0.0625,98.23761775,uM,uM
15,Dasatinib,Trametinib,0,0.125,106.4767548,uM,uM
15,Dasatinib,Trametinib,0,0.25,100.0592525,uM,uM
15,Dasatinib,Trametinib,0,0.5,93.60528715,uM,uM
15,Dasatinib,Trametinib,0,1,90.95259799,uM,uM
15,Dasatinib,Trametinib,0.001953125,0.0078125,79.75302631,uM,uM
15,Dasatinib,Trametinib,0.00390625,0.015625,74.87994335,uM,uM
15,Dasatinib,Trametinib,0.0078125,0.03125,72.45741769,uM,uM
15,Dasatinib,Trametinib,0.015625,0.0625,73.13165291,uM,uM
15,Dasatinib,Trametinib,0.03125,0.125,58.92845287,uM,uM
15,Dasatinib,Trametinib,0.0625,0.25,50.02766282,uM,uM
15,Dasatinib,Trametinib,0.125,0.5,39.48038153,uM,uM
15,Dasatinib,Trametinib,0.25,1,35.85544515,uM,uM
15,Dasatinib,Trametinib,0.001953125,0,82.73151767,uM,uM
15,Dasatinib,Trametinib,0.00390625,0,73.43066619,uM,uM
15,Dasatinib,Trametinib,0.0078125,0,69.51340616,uM,uM
15,Dasatinib,Trametinib,0.015625,0,63.50863107,uM,uM
15,Dasatinib,Trametinib,0.03125,0,51.32159986,uM,uM
15,Dasatinib,Trametinib,0.0625,0,40.90092755,uM,uM
15,Dasatinib,Trametinib,0.125,0,34.19890553,uM,uM
15,Dasatinib,Trametinib,0.25,0,32.52128716,uM,uM
15,Dasatinib,Trametinib,0,0.0078125,113.7633606,uM,uM
15,Dasatinib,Trametinib,0,0.015625,116.9150407,uM,uM
15,Dasatinib,Trametinib,0,0.03125,115.8615543,uM,uM
15,Dasatinib,Trametinib,0,0.0625,102.4427715,uM,uM
15,Dasatinib,Trametinib,0,0.125,107.9955227,uM,uM
15,Dasatinib,Trametinib,0,0.25,104.3917214,uM,uM
15,Dasatinib,Trametinib,0,0.5,85.95863603,uM,uM
15,Dasatinib,Trametinib,0,1,79.8674363,uM,uM
15,Dasatinib,Trametinib,0.001953125,0.0078125,89.88671473,uM,uM
15,Dasatinib,Trametinib,0.00390625,0.015625,86.34855247,uM,uM
15,Dasatinib,Trametinib,0.0078125,0.03125,87.77663348,uM,uM
15,Dasatinib,Trametinib,0.015625,0.0625,73.5004005,uM,uM
15,Dasatinib,Trametinib,0.03125,0.125,65.3133463,uM,uM
15,Dasatinib,Trametinib,0.0625,0.25,50.36731892,uM,uM
15,Dasatinib,Trametinib,0.125,0.5,40.78269825,uM,uM
15,Dasatinib,Trametinib,0.25,1,37.76633482,uM,uM
15,Dasatinib,Trametinib,0.001953125,0,80.45942452,uM,uM
15,Dasatinib,Trametinib,0.00390625,0,74.47006825,uM,uM
15,Dasatinib,Trametinib,0.0078125,0,70.3087886,uM,uM
15,Dasatinib,Trametinib,0.015625,0,67.40431161,uM,uM
15,Dasatinib,Trametinib,0.03125,0,55.4316125,uM,uM
15,Dasatinib,Trametinib,0.0625,0,46.61595358,uM,uM
15,Dasatinib,Trametinib,0.125,0,41.66090382,uM,uM
15,Dasatinib,Trametinib,0.25,0,40.38004751,uM,uM
15,Dasatinib,Trametinib,0,0.0078125,116.4936276,uM,uM
15,Dasatinib,Trametinib,0,0.015625,106.9878769,uM,uM
15,Dasatinib,Trametinib,0,0.03125,110.4818154,uM,uM
15,Dasatinib,Trametinib,0,0.0625,108.2499223,uM,uM
15,Dasatinib,Trametinib,0,0.125,104.5508237,uM,uM
15,Dasatinib,Trametinib,0,0.25,106.6832453,uM,uM
15,Dasatinib,Trametinib,0,0.5,100.2424619,uM,uM
15,Dasatinib,Trametinib,0,1,87.88933789,uM,uM
15,Dasatinib,Trametinib,0.001953125,0.0078125,85.91606767,uM,uM
15,Dasatinib,Trametinib,0.00390625,0.015625,82.99695533,uM,uM
15,Dasatinib,Trametinib,0.0078125,0.03125,80.5110016,uM,uM
15,Dasatinib,Trametinib,0.015625,0.0625,76.39285602,uM,uM
15,Dasatinib,Trametinib,0.03125,0.125,70.95012398,uM,uM
15,Dasatinib,Trametinib,0.0625,0.25,60.93097712,uM,uM
15,Dasatinib,Trametinib,0.125,0.5,47.84205405,uM,uM
15,Dasatinib,Trametinib,0.25,1,46.05292068,uM,uM
16,Dasatinib,Verteporfin,0.001953125,0,68.95936666,uM,uM
16,Dasatinib,Verteporfin,0.00390625,0,72.19329478,uM,uM
16,Dasatinib,Verteporfin,0.0078125,0,65.45240006,uM,uM
16,Dasatinib,Verteporfin,0.015625,0,62.69183011,uM,uM
16,Dasatinib,Verteporfin,0.03125,0,49.02755768,uM,uM
16,Dasatinib,Verteporfin,0.0625,0,39.29284406,uM,uM
16,Dasatinib,Verteporfin,0.125,0,30.48426599,uM,uM
16,Dasatinib,Verteporfin,0.25,0,29.68161518,uM,uM
16,Dasatinib,Verteporfin,0,0.078125,103.5251268,uM,uM
16,Dasatinib,Verteporfin,0,0.15625,102.4888349,uM,uM
16,Dasatinib,Verteporfin,0,0.3125,93.92244432,uM,uM
16,Dasatinib,Verteporfin,0,0.625,95.72475393,uM,uM
16,Dasatinib,Verteporfin,0,1.25,94.91826735,uM,uM
16,Dasatinib,Verteporfin,0,2.5,94.93561115,uM,uM
16,Dasatinib,Verteporfin,0,5,94.93561115,uM,uM
16,Dasatinib,Verteporfin,0,10,57.36894593,uM,uM
16,Dasatinib,Verteporfin,0.001953125,0.078125,77.23332772,uM,uM
16,Dasatinib,Verteporfin,0.00390625,0.15625,73.85276595,uM,uM
16,Dasatinib,Verteporfin,0.0078125,0.3125,65.96906497,uM,uM
16,Dasatinib,Verteporfin,0.015625,0.625,62.09136177,uM,uM
16,Dasatinib,Verteporfin,0.03125,1.25,52.82528686,uM,uM
16,Dasatinib,Verteporfin,0.0625,2.5,41.26915398,uM,uM
16,Dasatinib,Verteporfin,0.125,5,35.91927065,uM,uM
16,Dasatinib,Verteporfin,0.25,10,39.26775877,uM,uM
16,Dasatinib,Verteporfin,0.001953125,0,83.31413526,uM,uM
16,Dasatinib,Verteporfin,0.00390625,0,70.1991114,uM,uM
16,Dasatinib,Verteporfin,0.0078125,0,71.26871812,uM,uM
16,Dasatinib,Verteporfin,0.015625,0,60.97581043,uM,uM
16,Dasatinib,Verteporfin,0.03125,0,51.54270199,uM,uM
16,Dasatinib,Verteporfin,0.0625,0,42.29471779,uM,uM
16,Dasatinib,Verteporfin,0.125,0,33.75843344,uM,uM
16,Dasatinib,Verteporfin,0.25,0,32.7505348,uM,uM
16,Dasatinib,Verteporfin,0,0.078125,102.3592638,uM,uM
16,Dasatinib,Verteporfin,0,0.15625,108.8539829,uM,uM
16,Dasatinib,Verteporfin,0,0.3125,110.7214741,uM,uM
16,Dasatinib,Verteporfin,0,0.625,103.1934098,uM,uM
16,Dasatinib,Verteporfin,0,1.25,99.16792895,uM,uM
16,Dasatinib,Verteporfin,0,2.5,109.2855809,uM,uM
16,Dasatinib,Verteporfin,0,5,93.19610732,uM,uM
16,Dasatinib,Verteporfin,0,10,61.5151578,uM,uM
16,Dasatinib,Verteporfin,0.001953125,0.078125,79.19446554,uM,uM
16,Dasatinib,Verteporfin,0.00390625,0.15625,74.94508653,uM,uM
16,Dasatinib,Verteporfin,0.0078125,0.3125,70.07985548,uM,uM
16,Dasatinib,Verteporfin,0.015625,0.625,61.28138279,uM,uM
16,Dasatinib,Verteporfin,0.03125,1.25,51.08697884,uM,uM
16,Dasatinib,Verteporfin,0.0625,2.5,41.25798042,uM,uM
16,Dasatinib,Verteporfin,0.125,5,37.02091844,uM,uM
16,Dasatinib,Verteporfin,0.25,10,36.42559481,uM,uM
16,Dasatinib,Verteporfin,0.001953125,0,77.11684823,uM,uM
16,Dasatinib,Verteporfin,0.00390625,0,80.20892404,uM,uM
16,Dasatinib,Verteporfin,0.0078125,0,72.83689002,uM,uM
16,Dasatinib,Verteporfin,0.015625,0,65.24399343,uM,uM
16,Dasatinib,Verteporfin,0.03125,0,54.37397403,uM,uM
16,Dasatinib,Verteporfin,0.0625,0,44.40531264,uM,uM
16,Dasatinib,Verteporfin,0.125,0,39.32547381,uM,uM
16,Dasatinib,Verteporfin,0.25,0,39.73138338,uM,uM
16,Dasatinib,Verteporfin,0,0.078125,101.5696138,uM,uM
16,Dasatinib,Verteporfin,0,0.15625,106.2689038,uM,uM
16,Dasatinib,Verteporfin,0,0.3125,105.6894521,uM,uM
16,Dasatinib,Verteporfin,0,0.625,104.3904613,uM,uM
16,Dasatinib,Verteporfin,0,1.25,98.4685918,uM,uM
16,Dasatinib,Verteporfin,0,2.5,98.32850457,uM,uM
16,Dasatinib,Verteporfin,0,5,90.51333482,uM,uM
16,Dasatinib,Verteporfin,0,10,60.87427171,uM,uM
16,Dasatinib,Verteporfin,0.001953125,0.078125,83.63671019,uM,uM
16,Dasatinib,Verteporfin,0.00390625,0.15625,78.12192255,uM,uM
16,Dasatinib,Verteporfin,0.0078125,0.3125,70.01493059,uM,uM
16,Dasatinib,Verteporfin,0.015625,0.625,64.72886686,uM,uM
16,Dasatinib,Verteporfin,0.03125,1.25,56.12630643,uM,uM
16,Dasatinib,Verteporfin,0.0625,2.5,49.05492551,uM,uM
16,Dasatinib,Verteporfin,0.125,5,44.18183551,uM,uM
16,Dasatinib,Verteporfin,0.25,10,46.39918676,uM,uM
17,Dasatinib,Vorinostat,0.001953125,0,81.59348,uM,uM
17,Dasatinib,Vorinostat,0.00390625,0,75.68361985,uM,uM
17,Dasatinib,Vorinostat,0.0078125,0,74.16495947,uM,uM
17,Dasatinib,Vorinostat,0.015625,0,64.44731451,uM,uM
17,Dasatinib,Vorinostat,0.03125,0,52.64986194,uM,uM
17,Dasatinib,Vorinostat,0.0625,0,44.76707936,uM,uM
17,Dasatinib,Vorinostat,0.125,0,36.45230249,uM,uM
17,Dasatinib,Vorinostat,0.25,0,34.11418901,uM,uM
17,Dasatinib,Vorinostat,0,0.3125,101.4900264,uM,uM
17,Dasatinib,Vorinostat,0,0.625,105.7101658,uM,uM
17,Dasatinib,Vorinostat,0,1.25,101.754386,uM,uM
17,Dasatinib,Vorinostat,0,2.5,96.87575102,uM,uM
17,Dasatinib,Vorinostat,0,5,94.08315309,uM,uM
17,Dasatinib,Vorinostat,0,10,86.54650324,uM,uM
17,Dasatinib,Vorinostat,0,20,71.44917087,uM,uM
17,Dasatinib,Vorinostat,0,40,60.98534006,uM,uM
17,Dasatinib,Vorinostat,0.001953125,0.3125,85.96441009,uM,uM
17,Dasatinib,Vorinostat,0.00390625,0.625,86.55439467,uM,uM
17,Dasatinib,Vorinostat,0.0078125,1.25,67.47769667,uM,uM
17,Dasatinib,Vorinostat,0.015625,2.5,61.96269262,uM,uM
17,Dasatinib,Vorinostat,0.03125,5,51.60059157,uM,uM
17,Dasatinib,Vorinostat,0.0625,10,42.95596584,uM,uM
17,Dasatinib,Vorinostat,0.125,20,43.7336005,uM,uM
17,Dasatinib,Vorinostat,0.25,40,49.69228567,uM,uM
17,Dasatinib,Vorinostat,0.001953125,0,87.63874874,uM,uM
17,Dasatinib,Vorinostat,0.00390625,0,85.58508054,uM,uM
17,Dasatinib,Vorinostat,0.0078125,0,76.31460926,uM,uM
17,Dasatinib,Vorinostat,0.015625,0,72.23343424,uM,uM
17,Dasatinib,Vorinostat,0.03125,0,61.82307434,uM,uM
17,Dasatinib,Vorinostat,0.0625,0,44.37156632,uM,uM
17,Dasatinib,Vorinostat,0.125,0,34.77968382,uM,uM
17,Dasatinib,Vorinostat,0.25,0,31.57304631,uM,uM
17,Dasatinib,Vorinostat,0,0.3125,96.18612417,uM,uM
17,Dasatinib,Vorinostat,0,0.625,99.31455688,uM,uM
17,Dasatinib,Vorinostat,0,1.25,97.7151896,uM,uM
17,Dasatinib,Vorinostat,0,2.5,91.54473688,uM,uM
17,Dasatinib,Vorinostat,0,5,85.69357177,uM,uM
17,Dasatinib,Vorinostat,0,10,73.17984094,uM,uM
17,Dasatinib,Vorinostat,0,20,59.73900435,uM,uM
17,Dasatinib,Vorinostat,0,40,52.38806626,uM,uM
17,Dasatinib,Vorinostat,0.001953125,0.3125,85.76225191,uM,uM
17,Dasatinib,Vorinostat,0.00390625,0.625,81.06156429,uM,uM
17,Dasatinib,Vorinostat,0.0078125,1.25,74.02433135,uM,uM
17,Dasatinib,Vorinostat,0.015625,2.5,65.05530897,uM,uM
17,Dasatinib,Vorinostat,0.03125,5,52.61826461,uM,uM
17,Dasatinib,Vorinostat,0.0625,10,43.02830991,uM,uM
17,Dasatinib,Vorinostat,0.125,20,43.91601315,uM,uM
17,Dasatinib,Vorinostat,0.25,40,49.77270811,uM,uM
17,Dasatinib,Vorinostat,0.001953125,0,89.47264985,uM,uM
17,Dasatinib,Vorinostat,0.00390625,0,83.36062889,uM,uM
17,Dasatinib,Vorinostat,0.0078125,0,82.561415,uM,uM
17,Dasatinib,Vorinostat,0.015625,0,77.13069112,uM,uM
17,Dasatinib,Vorinostat,0.03125,0,63.95676384,uM,uM
17,Dasatinib,Vorinostat,0.0625,0,52.95774648,uM,uM
17,Dasatinib,Vorinostat,0.125,0,45.10972814,uM,uM
17,Dasatinib,Vorinostat,0.25,0,42.76449394,uM,uM
17,Dasatinib,Vorinostat,0,0.3125,106.9109195,uM,uM
17,Dasatinib,Vorinostat,0,0.625,115.1532567,uM,uM
17,Dasatinib,Vorinostat,0,1.25,110.9698276,uM,uM
17,Dasatinib,Vorinostat,0,2.5,99.38218391,uM,uM
17,Dasatinib,Vorinostat,0,5,92.35632184,uM,uM
17,Dasatinib,Vorinostat,0,10,82.56465517,uM,uM
17,Dasatinib,Vorinostat,0,20,71.09195402,uM,uM
17,Dasatinib,Vorinostat,0,40,67.77298851,uM,uM
17,Dasatinib,Vorinostat,0.001953125,0.3125,76.35996219,uM,uM
17,Dasatinib,Vorinostat,0.00390625,0.625,81.17075715,uM,uM
17,Dasatinib,Vorinostat,0.0078125,1.25,75.46038265,uM,uM
17,Dasatinib,Vorinostat,0.015625,2.5,65.91049835,uM,uM
17,Dasatinib,Vorinostat,0.03125,5,56.53661875,uM,uM
17,Dasatinib,Vorinostat,0.0625,10,51.03484241,uM,uM
17,Dasatinib,Vorinostat,0.125,20,52.15605749,uM,uM
17,Dasatinib,Vorinostat,0.25,40,59.18320785,uM,uM
